Tên quán,Điểm đánh giá,Địa chỉ quán,Số người review,Link,Bình Luận,Địa chỉ,Chất lượng,Không gian,Phục vụ,Gía cả,Mức giá
Hủ Tiếu Nam Vang Nhân Quán - Quốc Lộ 50,6.5,"A23/9 Quốc Lộ 50, X. Bình Hưng,Huyện Bình Chánh,TP. HCM",14,https://www.foody.vn/ho-chi-minh/hu-tieu-nam-vang-nhan-quan-quoc-lo-50,"Mình có thấy phần hủ tiếu siêu phẩm có thập cẩm và xí quách mình mới đặt ( vì có cí quách )95k còn những cái thập cẩm khác 70k, mình đặt siêu phẩm vậy mà giao cho mình tô hủ tiếu thập cẩm bình thường, vì có xí quách mình mới đặt nhưng lại giao như vậy thật đáng giận đưa 1 đằng bán 1 nẻo, đó giờ đi ăn chưa bao giờ thất vọng đến v do mình thanh toán trước vì tin tưởng nhưng làm ăn như vậy mình không ủng hộ nữa. 
Mình không quan tâm ngon đến mấy như buôn bán treo đầu dê bán thịt***quá đáng lắm luôn<sep>Nằm ngay ngã ba, xe hơi đông.
Quán khá rộng, có chổ để xe. Có máy lạnh
Không gian thoáng và sạch sẽ. Đã ăn nhiều lần ở đây.
Hu tieu ở đây rất ngon, mình thích hủ tiếu nước hơn, nhưng hủ tiếu khô ăn cũng được.
Giá mới ăn là 50k /1 tô .Giá hơi cao nhưng bì lại thì được một con tôm to, với tim thịt bằm khá chất lượng.
Nêm khá vừa ăn. Đặc biệt có nước chấm, chấm rất ngon.Ngoài ra còn có nhiều loại nước ngọt, trà sâm và nước ép khác.<sep>Quán gần nhà mình nên ghé hoài. 
Mình thích hủ tíu ở quán này. Hủ tíu khô trộn khá ngon, vừa ăn, đặc biệt ở chỗ có thêm ngó sen tạo vị chua chua. Nước chấm pha chế riêng ăn khá lạ miệng. Tôm to, thịt bằm nhiều. 
Quán có nhiều chi nhánh nhưng mình hay ăn ở đây.  Quán rộng rãi thoáng mát.
So với các chi nhánh khách hình như giá ở đây cũng rẻ hơn. 50k/tô<sep>Mình thích hủ tíu ở quán này. Hủ tíu khô trộn khá ngon, vừa ăn, đặc biệt ở chỗ có thêm ngó sen tạo vị chua chua. Nước chấm pha chế riêng ăn khá lạ miệng. Tôm to, thịt bằm nhiều. 
Quán có nhiều chi nhánh nhưng mình hay đi ăn ở Bình Chánh, mặc dù xa nhưng là quán ngon nhất. Quán ở Trần Quang Khải không ngon. Quán rộng rãi thoáng mát.<sep>má dẫn đi ăn sáng
không gian rộng ,mát
nhân viên hơi kì kì, như tui có nợ họ gì vậy á _ 
kêu 1 hủ tíu nước, 1 hủ tíu khô
46k tô, sting nhiêu không nhớ, tại má ra tiền :))
nước dùng nọt nè, nhiều thịt bằm
tôm to, gan tim thịt cũng nhiều
rau tươi với sạch lắm
nước chấm má khen ngon
tuy hơi mắc chút mà đáng
ăn thử lần mới biết, ngon lại nóng hổi
ăn xong còn hơi thèm thèm
bị cái nhân viên thôi, chứ toàn bộ ổn<sep>Nằm ngay ngã ba, xe hơi đông.
Quán khá rộng, có chổ để xe. 
Không gian thoáng và sạch sẽ. Đã ăn nhiều lần ở đây.
@[#hủtiếu  ở đây rất ngon, mình thích hủ tiếu nước hơn, nhưng hủ tiếu khô ăn cũng được.
Giá mới ăn là 46k /1 tô trà đá cộng khăn nữa là tròn 50k.
Giá hơi cao nhưng bì lại thì được một con tôm to, với tim thịt bằm khá chất lượng.
Nêm khá vừa ăn. Đặc biệt có nước chấm, chấm rất ngon.](0:0)
Ngoài ra còn có nhiều loại nước ngọt, trà sâm và nước ép khác.<sep>Hủ tiếu quá mặn, nước toàn vị bột ngọt, ruồi bu đĩa rau héo, ăn không nổi còn phải trả 44K/tô đắt, quán ngay QL đầy bụi<sep>Điểm cộng:
- Công nhận nước chấm ở đây rất ngon,
- 1 tô rất nhiều đồ ăn như thịt bằm, tôm to, đồ lòng heo 
- sạch sẽ, chỗ ngồi bãi giữ xe thoải mái
- dễ tìm ngay đèn giao thông đối diện Thế giới di động
- phục vụ nhanh nhẹn good
Điểm trừ:
- giá hơi cao, 1 lần ăn sáng (44k/tô chưa bao gồm khăn/ trà đá) bằng 2 buổi sáng bình thường
- không phù hợp cho người ăn kiên vì nước ngọt và nhiều nước béo
- vị trí ngay Quốc lộ xe đông nên nguy hiểm khi băg qua đường<sep>Mình hay ăn hủ tiếu ở đây, sợi hủ tiếu dai, nước dùng ngọt và rất nhiều thịt bằm. Mình thích nhất chén nước chấm, so với chi nhánh Dương Bá Trạc thì nước chấm ở đây vừa miệng hơn (bên Dương Bá Trạc mặn và nhìn màu cũng k ngon bằng). Mình kêu 2 tô, 1 nước 1 khô và 2 trà đá hết 92k.  Về không gian ngồi cũng khá thoải mái, có nhân viên dắt xe cho mình khi ra về nữa!<sep>Không hiểu sao mình rất thích ăn hủ tiếu ở đây. Hôm nào đói có khi ăn đến 2 tô. Với mình thì tô hủ tiếu rất nhiều thịt. Tôm tươi, rau sạch và có thể xin thêm ko mất tiền. Hủ tiếu nước ăn cũng rất ngon nhưng ko đậm đà bằng hủ tiếu khô. Đặc trưng của quán là có nước sốt chấm vô cùng ngon, cho chút dấm tỏi làm tăng thêm hương vị. Có thể giá hơi cao chút xíu nhưng đối với mình thì đánh đồng tiền.",7.1,6.7,6.6,6.1,6.0,50.000đ - 72.000đ
"Phúc Ký - Cơm Gà, Hủ Tiếu & Nui",6.5,"C4/34 Phạm Hùng, P. Bình Hưng,Huyện Bình Chánh,TP. HCM",2,https://www.foody.vn/ho-chi-minh/phuc-ky-com-ga-hu-tieu-nui,"Quán nằm trên mặt tiền đường Phạm Hùng gần khúc cắt với Nguyễn Văn Linh. Mặt bằng cũng rộng, để xe trước quán, có mái che. Menu chủ yếu là các món xào, cơm, đa dạng từ mì, nui, bún gạo, miến, hủ tíu, mì giòn... Có canh rong biển, bông cải, cải ngọt ăn kèm giá từ 10-35k. Mình gọi 2 hủ tíu mì xào giòn thập cẩm, 1 phần là 40k. Ở đây có chén nước chấm pha xì dầu tương ớt sệt sệt khá ngon, với ớt tỏi ngâm giấm ăn kèm. Phần thập cẩm có tôm, mực, cật, tim, da heo, chả cá, thịt heo... xào vừa miệng, phần ăn cũng nhiều. Khăn lạnh trà đá 2k. Nhân viên nhanh nhẹn<sep>16h30 đặt nui xào bò trên now mà vẫn quán vẫn chưa có nuôi, đổi thành hủ tíu xào bò 🙄 Với giá 42k mà chất lượng bình thường, thịt lèo tèo vài miếng.",8.0,7.0,6.5,6.5,4.5,37.000đ - 55.000đ
Hủ Tiếu Lệ,7.6,"Trần Văn Giàu, Xã Phạm Văn Hai,Huyện Bình Chánh,TP. HCM",1,https://www.foody.vn/ho-chi-minh/hu-tieu-le,"Quán này nếu đi từ hướng Khu công nghiệp Tân Đô Long An quẹo phải về Hồ Chí Minh đi đường Trần Văn Giàu thì tới đèn xanh đèn đỏ, quán này nằm bên tay trái, không có chỗ đậu xe hơi, đậu đại bên đường rồi đi bộ qua.
Quán nhìn nhỏ nhỏ lụp xụp thôi, ăn buổi trưa thì hơi nóng nhưng bù lại hủ tiếu ngon, ôi 1 tô 30k mà to vật vã, ai không ăn nhiều thì gọi tô nhỏ thôi nhé. Hủ tiếu nấu nướng dùng ngon lắm, thịt nhiều nữa, mình ăn hủ tiếu khô thấy ngon và tự dưng bị nghiền hủ tiếu sau khi ăn quán này luôn nè.
Quán đông người ghé ăn nha. Lên món cũng nhanh. Khu này mình kiếm được quán ăn như này mừng lắm luôn. Ôi đi Khách hàng mấy khu công nghiệp tìm chỗ ăn khó khăn lắm hic.",9.0,8.0,7.0,7.0,7.0,30.000đ - 40.000đ
Hủ Tiếu Gà Phước Loan,5.6,"24 Đường Số 5,Huyện Bình Chánh,TP. HCM",4,https://www.foody.vn/ho-chi-minh/hu-tieu-ga-phuoc-loan,"quá tuyệt vời
Quán ăn rộng rãi thoát mát, bà chủ vui tính cực kì hủ tíu gà ở đây ngon khỏi bàn luôn mọi người ơi , nước lèo quá suất sắc , có cả nước mía nước ngọt đủ loại, phụ vụ rất nhanh, đặc biệt ở đây là món gỏi gà ăn kèm với hủ tíu là hết sẩy luôn đó, tuỳ giá cả của từng loại gỏi, quán địa chỉ là 24 đường 16 nha mọi người foody ghi sai số đường rồi hihi.Hủ tíu gà phước loan ở đây là tuyệt vời nha mọi người ❤️<sep>Hủ tiểu ăn ngon , giá cung hợp lý , nhưng nhân viên phục vụ thì qua bất lịch sự và hỗn . Khách hàng oder thì toàn oder sai goi khô thì mang nước , gọi hủ tiếu thì mang miến. Đã vậy lúc nào củng cãi với khách . Thái độ phục vụ qua kém .<sep>Quán bán từ 12h trưa đến 8h tối là hết. Nêm nếm rất ngon. Có đủ loại, gà xé, gà chặt ( có thể lấy đùi, cánh,...), lòng gà. Đồng giá 30k 1 tô. Nếu gọi huyết thêm thì 4k, lòng 10k, trứng non 20k. Nếu đi 2 người quán sẽ đem 2 phần thêm. Nói chung nấu ngon không bàn cãi
NHƯNG, không gian quán có rất nhiều ruồi, từ bàn ăn đến chỗ nấu. Ruồi bay vèo vèo. Ruồi đậu trên nền gạch trắng nhìn như gạch chấm bi trắng đen. Mình mới ăn xong về. Nhớ tới mấy con ruồi sao mắc ói quá.<sep>Quán này nằm sâu khuất trong KDC Phong Phú, đi từ Cầu Nhị Thiên Đường xuống, chạy khỏi bến xe quận 8, rồi vào KDC Bình Hưng tí là thấy quán. Quán nằm ngay khu công viên nên không gian rộng mà cũng thoáng lắm. Mình gọi 2 tô, một tô hủ tiếu gà, một tô lòng + huyết. Nước rất thanh và ngọt từ thịt gà. Hủ tiếu dai ăn cũng rất hấp dẫn. Giá 34 ngàn cho cả tô hủ tiếu và chén huyết thêm.",6.3,6.0,5.5,5.3,5.0,25.000đ - 40.000đ
Hủ Tiếu Dê - Quốc Lộ 50,8.0,"E3/72 Quốc Lộ 50,Huyện Bình Chánh,TP. HCM",1,https://www.foody.vn/ho-chi-minh/hu-tieu-de-quoc-lo-50,"Tình hình là cũng đc nghỉ tết sớm rùi nên rảnh rỗi viết bài review đầu tiên zị. Sáng nay dậy sớm iem ra đa phước nghĩa trang để tảo mộ, trên đường về dọc QL 50 thì thấy wán hủ tíu dê khá khang trang so với khu vực tương đối bình dân, tại vì ko nghĩ là sẽ review nên ko chụp hình để review, KK, có chụp 2 tấm do thói wen sống ảo cúng facebook của iem thôi, hiahia, up cho pà con coi, vì khá là ngon

Địa chỉ quán iem nhớ hình như là E3/72. Từ ngã 4 QL 50 nguyễn văn linh, đi về hướng nghĩa trang đa phước, từ đầu ngã 4 đó pà kon đi tầm 600m là gặp, bên tay phải, quán mặt tiền lun, hủ tiếu dê, có bán óc dê nữa
Tô iem ăn 35k đã gồm trà đá khăn lạnh, hủ tiếu mì dê, phần thịt đc 5 miếng cỡ vừa, nhiều hơn là ngán nên e thấy khá ưng bụng . Thế thôi, bài review đầu tiên đơn giản, hok biết viết gì, hehe",8.0,8.0,8.0,8.0,8.0,30.000đ - 50.000đ
Hủ Tiếu Chay Sa Đéc - Phạm Hùng,7.0,"C6/27 Phạm Hùng, Xã Bình Hưng,Huyện Bình Chánh,TP. HCM",1,https://www.foody.vn/ho-chi-minh/hu-tieu-chay-sa-dec-pham-hung,"Hôm bữa cùng bà chị kiếm quán ăn chạy qua đường Phạm Hùng thấy quán này nên ghé vô luôn
Không gian: quán vỉa hè nằm trước siêu thị Satra Phạm Hùng, cặp bên ẩm thực Sài Gòn Nướng, cũng được 4 -5 cái bàn gì đó
Chất lượng: Hủ tiếu theo mình đánh giá là vừa ăn, cọng hủ tiếu bự và dai hơn bình thường đây là cách phân biệt giửa hủ tiếu Sa đéc với các loại khác, nước dùng cũng ngon
Giá cả: 20k 1 tô nha bà con, lúc trước nghe nói có 18k hà nay lên 2k rồi
Phục vụ: quán vỉa hè nên chắc ai cũng biết rồi
Có thể sẽ quay lại, mà quên quán này mà trời mưa cái là bó tay luôn ko thấy có j để che hết, nên nếu là xác định ở nhà.",8.0,7.0,7.0,7.0,6.0,20.000đ - 20.000đ
Hủ Tiếu - Đường Số 1,7.0,"Đường Số 1, Xã Bình Hưng,Huyện Bình Chánh,TP. HCM",1,https://www.foody.vn/ho-chi-minh/hu-tieu-duong-so-1,"Nói Bình Chánh thấy xa chớ gần gần bến xe quận 8 có đường chạy vô. Đường số 1, xã Bình Hưng, huyện Bình Chánh. Quán bán nhiều loại: hủ tiếu, hoành thánh, cháo lòng, nui,... giá từ 12k đến 15K. Khá ngon. Đi học về tối hay ghé quán này măm măm. Chú bán khá thân thiện.",8.0,8.0,7.0,6.0,6.0,10.000đ - 15.000đ
Minh Ký - Hủ Tiếu Mì - Đường Số 10,8.6,"82 Đường Số 10, Xã Bình Hưng,Huyện Bình Chánh,TP. HCM",1,https://www.foody.vn/ho-chi-minh/minh-ky-hu-tieu-mi-duong-so-10,"Chỗ này gần nhà mình, là địa điểm ăn sáng ưa thích của cả nhà. Ở đây là tiệm hủ tíu mì theo kiểu người Hoa nên có hủ tíu mì, sủi cảo, mì sườn kho, hủ tíu sa tế nai, xíu mại ,... Có nhận giao món ăn nữa thì phải.
Theo mình hủ tíu sa tế nai là ngon nhất, sau đó là sủi cảo. Đồ ăn rất đáng đồng tiền bát gạo, mình là đứa ăn khẻ lắm mà chỉ cần gọi 1 tô hủ tíu sa tế và một phần 3,4 viên sủi cảo ăn là no lăn. Giá các món đều là 30k/tô, sủi cảo 5k/viên ngon chất lượng, có con tôm trong đó. Thường minh thiệt hại 40-50k ăn sáng, nghe tuy nhiều nhưng ăn sướng cái bụng, ăn tới lăn luôn :))))
Vì nay mới thấy info quán trên foody nên mình cao hứng review luôn chứ ko có chụp đc hình để up :)))",10.0,10.0,9.0,7.0,7.0,29.000đ - 37.000đ
"Lâm Ký - Hủ Tiếu Xào, Mì Xào & Cơm Chiên",9.9,"C6/5 Võ Văn Vân, Ấp 3, X. Vĩnh Lộc B,Huyện Bình Chánh,TP. HCM",2,https://www.foody.vn/ho-chi-minh/lam-ky-hu-tieu-xao-mi-xao-com-chien,"Đây là quán ăn đầu tiên mà tôi cảm nhận được sự đậm đà từ Gà, và đặc biệt hơn ở quán có món Gà chiên nước mắm phải nói rất tuyệt. Phục vụ rất ok.<sep>Vừa ăn, giá lại rẻ, khó bào giờ có khái niệm chờ lâu. Rất ok",10.0,10.0,10.0,10.0,9.5,25.000đ - 30.000đ
Hà Ký - Hủ Tiếu Xào,9.8,"A30/10 Quốc Lộ 50,Huyện Bình Chánh,TP. HCM",1,https://www.foody.vn/ho-chi-minh/ha-ky-hu-tieu-xao,"Tất cả các món đều hợp khẩu vị người Hoa,đặc biệt món sườn xào chua ngọt(ai không ăn chua đc thì dặn đầu bếp)ngon nhất khu F5-F6Q8 và đường QL 50.Mình đã từng ăn liên tục hơn 10 năm.Thân thiện với khách,chuyên nghiệp và lên món nhanh.Sẽ tiếp tục ủng hộ",10.0,10.0,10.0,10.0,9.0,30.000đ - 65.000đ
Quán Ngọc - Bún Bò & Hủ Tiếu,7.8,"C3/4N2 Phạm Hùng,Huyện Bình Chánh,TP. HCM",1,https://www.foody.vn/ho-chi-minh/quan-ngoc-bun-bo-hu-tieu,"- Giờ giấc: Quán bán tới khuya luôn nha, mình ăn lúc 12g mấy khuya mà vẫn còn bán.
- Vị trí: quán nằm ở C3/4N2 Phạm Hùng, địa chỉ vậy chứ nằm ngoài mặt tiền nha, đối diện với ngân hàng BIDV đường Phạm Hùng.
- Không gian: được cỡ 5 bàn.
- Phục vụ: anh bán vui vẻ, dễ thương.
- Giá cả và món ăn: ở đây có bún bò, hủ tiếu, bánh canh, cháo lòng giá bình dân chỉ 20-25k thôi. Mình ăn hủ tiếu, hủ tiếu này là hủ tiếu Sa Đéc (theo như quán nói), giá là 25k tô. Quá trời đồ ăn luôn: thịt lát, phèo, gan,...lạ cái là hủ tiếu mà có luôn huyết và bò viên nữa. Bò viên cắt lát, ăn dai và thơm lắm nha. Phèo làm kỹ, không bị hôi. Sợi hủ tiếu dai, ngon. Nước lèo đậm đà.
Nói chung giá khá rẻ, 1 tô hủ tiếu ngập tràn đồ ăn như hình mà chỉ có 25k thôi đó.",9.0,8.0,8.0,7.0,7.0,20.000đ - 25.000đ
Tiến Phát - Hủ Tiếu Nam Vang - Đường Số 9A,7.2,"120 Đường Số 9A, KDC Trung Sơn, Xã Bình Hưng,Huyện Bình Chánh,TP. HCM",1,https://www.foody.vn/ho-chi-minh/tien-phat-hu-tieu-nam-vang-duong-so-9a,"M đặt hủ tiếu nam vang về ăn gồm tôm, tim, gan, heo, trứng cút. Thịt heo rất mềm. M ăn quán khác heo khô queo. Nước nam vang kiểu ngọt vắt tí chanh là vừa. Góp ý quán bớt ngọt tí là vừa. Nước chấm vừa. Hình chụp nhanh k đc đẹp",8.0,7.0,7.0,7.0,7.0,30.000đ - 100.000đ
Kim Tháp 3 - Hủ Tiếu Nam Vang,7.0,"C14/20 Quốc Lộ 1A, Xã Tân Kiên,Huyện Bình Chánh,TP. HCM",1,https://www.foody.vn/ho-chi-minh/kim-thap-3-hu-tieu-nam-vang,"Quán này hủ tiếu ăn được nè, đi công tác thấy quán này ghé vào ăn được nên mình lưu thông tin lên Foody.",7.0,7.0,7.0,7.0,7.0,25.000đ - 50.000đ
"Quán Việt Hoa - Hủ Tiếu Xào, Mì Xào Giòn & Cơm Gà",9.1,"A6/A11 Quốc Lộ 50, Xã Bình Hưng,Huyện Bình Chánh,TP. HCM",7,https://www.foody.vn/ho-chi-minh/quan-viet-hoa-hu-tieu-xao-mi-xao-gion-com-ga,"Giờ quán đã hết bán hủ tiếu với mì rồi mà chỉ còn bán cơm thôi. Quán bán rất nhiều loại cơm đồng giá 35k. Mình đã ăn mấy lần rồi, cơm nhiều, ăn no luôn. Anh, chị bán dễ thương. Chắc chắn sẽ ghé lại.<sep>Cơm đùi gà chiên nước mắm cũng là món đặc biệt của Việt Hoa<sep>0  0 3m 
 Món ăn nêm nếm vừa ăn, thịt bò mềm, thơm, rất ngon
Phục vụ thân thiện và nhiệt tình
Giá cả rất hợp lí
Quán sạch sẽ hợp vệ sinh
Sẽ ủng hộ thường xuyên<sep>Đồ ăn ngon, giá hợp lý, ăn được 3 4 lần rồi.lần nào đi ngang cũng phải ghé vào vì quá ngon 😙😙😙😙<sep>Quán ngon.. phuc vu nhiet tinh hop ve sinh ma còn rẽ nua. qua ok!!!<sep>Có lần mình đi với đám bạn ăn những món này thấy rất ngon.<sep>ghé quán được 3-4l
đồ ăn ở đây ngon nêm nếm rất vừa ăn mà còn nhiều đồ ăn nữa giá cả lại bình dân.
ở đây có nui xào bò, sườn chua ngọt, bò lúc lắc,... ngon hết sẩy nha.
sẽ ghé lại và ủng hộ quán dài dài 👍🏼👍🏼",9.4,9.4,9.4,8.9,8.6,30.000đ - 60.000đ
Hủ Tiếu - Tân Chánh Hiệp 18,7.2,"Tân Chánh Hiệp 18,Quận 12,TP. HCM",1,https://www.foody.vn/ho-chi-minh/hu-tieu-tan-chanh-hiep-18,"hủ tiếu Hủ tiếu ở đây làm rất ngon và không cho mì chính độc hại như các quán hủ tiếu gõ khác
Do mình bị dị ứng mỳ chính nên chỉ cần ăn là biết
nước dùng ngọt, thịt ngon, xương ngon
có hủ tiếu ướt, khô, đồ nui, bánh canh, xương hoặc bò viên 
Không có chỗ để xe 
không gian quán hơi xập xệ vì nhà thuê nhưng không vì vậy mà ảnh hưởng đến chất lượng và giá cẩ",9.0,9.0,9.0,5.0,4.0,12.000đ - 20.000đ
"Quán 999 - Cơm Tấm, Hủ Tiếu Nam Vang & Lẩu Xí Quách",7.6,"C4/19 Phạm Hùng, Ấp 4, Xã Bình Hưng,Huyện Bình Chánh,TP. HCM",1,https://www.foody.vn/ho-chi-minh/quan-999-com-tam-hu-tieu-nam-vang-lau-xi-quach,"Quán nằm đối diện với Young Buffet BBQ. Nếu đi từ Nguyễn Văn Linh vào thì quán nằm bên tay trái.
Không gian cũng rộng, bàn ghế nhiều nhưng dưới đất khách vứt khăn giấy tứ tung nên hơi dơ, mặc dù dưới mỗi bàn đều có sẵn sọt rác.
Quán bán cơm bình dân, hủ tiếu nam vang và lẩu xí quách. Cơm thì tùy món, thấp nhất là 17k, hủ tiếu nam vang 20k, còn lẩu xí quách thì 70k. Mình hay lại đây ăn trưa, cơm sườn như hình là 18k, có luôn chén canh rau. Sườn nướng không bị cháy khét, ướp ngon, thịt mềm.",8.0,8.0,8.0,7.0,7.0,17.000đ - 70.000đ
Hệ thống Hủ Tiếu Mực Ông Già Cali,7.3,"2chi nhánh,2",3,https://www.foody.vn/thuong-hieu/hu-tieu-muc-ong-gia-cali?c=ho-chi-minh,"Quán dễ tìm, chất lượng, nhiều mực nhưng hơi nhiều hủ tiếu. Nước chanh muối ớt xanh lạ miệng<sep>Đã ăn ở quán nhiều lần, làn nào cũng ok nhưng hôm nay mua về hơi thất vọng quá ạ. 
Em mua 2 phần nhưng làm không đúng ord, mực thì bị cũ, mềm chán chẳng muốn ăn, hic.<sep>Hủ tiếu mực ở đường PXL mình thấy nhiều quán lắm, cơ mà mình hay ăn ở hủ tiếu mực Ông Già Cali. 
📍 Vị trí: quán nằm ở góc Hoaa Phượng với PXL. Cũng dễ tìm. 
🏡 Không gian: hơi nóng. Gửi xe ngay kế bên hông quán.
🍜 Món ăn: mình gọi 2 hủ tiếu mực với 1 hủ tiếu tôm. Hủ tiếu mực là hủ tiếu bình thường 49k còn hủ tiếu tôm là hủ tiếu mực với tôm (hay còn gọi là hủ tiếu đặc biệt) mà không lấy mực á giá 67k. Tại em mình không ăn mực được nên gọi tôm. Tưởng bằng giá hủ tiếu mực ai dè là tô đặc biệt rồi không lấy mực. 😂 mà tô hủ tiếu tôm đó được có 5 con tôm à... giá 67k thấy không đáng tí nào. Nhân viên nên nói rõ. Hủ tiếu mực thì ok giá cả hợp lý á. Nước lèo ở đây mình thấy vị hơi nhạt, mực tươi nhưng tôm thì không được tươi cho lắm với cả không được làm sạch chỉ lưng nữa 😢 ăn chấm với muối tiêu xanh ngon nè. 
Nói chung nên ăn hủ tiếu mực chứ đừng gọi thêm tôm như mình... vừa fail mà giá còn mắc hơn hủ tiếu mực có le que vài con tôm à.<sep>Tôi rất thất vọng vì quán này đổi chủ và cách nấu ăn quá tệ. Nhân viên coi thường khách. Nấu ăn ko dùng bao tay mà trực tiếp dùng tay ko lấy cộng hủ tíu bị đổ bỏ vào tô lại cho khách ăn. Quá ghê. 
Bình thường món này hay ăn cùng rau xà lách thì nay ko có đổi bằng rau tàng ô và đặc biệt là bàn này ăn xong thì dọn rau dư lại mang qua bàn khác.
Quá kinh tởm.
Sau khi ăn xong sẽ bị hơi rát lưỡi và vòm họng vì lý do quán cho hơi nhiều bột ngọt.<sep>Trên đường phan xích long, có bán khá nhìu quán hủ tiếu mực, Hủ tiếu ở tiệm này gần như chất lượng nhất , đầy đủ thịt viên, tôm , mực và giá cũng hơi cao (70k/1 tô), tuy nhiên nước lèo ở đây mình thấy vị hơi nhạt, mực sử dụng là mực ống sữa , tôm tươi,ăn chấm với muối tiêu xanh siêu hợp, ăn cảm thấy thanh mát vì không có chiên xào dầu mỡ nhiều, buổi tối có bán ngoài đường ngồi rất mát, nay mình mua về còn dc giảm giá , nhân viên giao hàng nhanh<sep>Quán rất nóng, chật. Menu có 2 món mà nhân viên order cũng nhầm???; đợi ra món lâu, tính tiền cũng lâu nốt. Tô 49k không có gì đặt biệt, toàn bột ngọt thôi. Ăn 1 lần chuốc bực vào người. Cạch mặt đến già :)<sep>Tớ đã trở lại với giá 78k một tô thập cẩm siêu siêu ngon và chất lượng. Sợi hủ tiếu dai dai không bị bỡ. Tôm tươi. Mực tươi ngon. Thịt viên mềm mai. Nước lèo ngon thanh có trứng lòng đào đầy bổ dưỡng. Nước chấm ớt xanh chua cay nữa đặc biệc ngon.  Tiếc gì không làm ngay một tô nhĩ. Ăn xong vẫn còn thèm mọi người ạ.<sep>Khá ngon. Giống như bên kia nhưng 49k + 2 k hộp mang về có phải hơi mắc so với tô này không ta 😂<sep>Hủ tíu mực ở đây bán dở thấy bà, nước lèo thì tạm dc, mực thì bở rẹt như mực chết, mà giá lại mắc nửa, nói chung thấy là hủ tíu mực ông già cali là tạch ko dám ăn, vừa mắc vừa dở<sep>Hủ tiếu mực ở đây ăn rất được lun nha.
Mực tươi, dai dai giòn giòn. Nhìu mực, trứng cút & hủ tiếu nên ăn no, k phải kiểu lỏng bỏng nước. 
Thích viên thịt xay nhất luôn íh, thơm mềm, vị lạ béo béo.
Nc chấm muối tiêu xanh cũng ngon nốt. 
45k 1 tô mực.
Phục vụ k mấy thân thiện. Có bác giữ xe dễ thương.<sep>Bình thường mua 1 phần đầy đủ 59k, nay cũng mua đầy đủ con bé lấy 77k. Nghĩ lên giá về coi lại k phải. Tức quá giờ k lẽ quay lại đòi lại tiền<sep>👍Kêu 2 tô hủ tiếu mực,đem ra đập vô mắt là rất nhiều mực và hành lá,mình và bạn gái cực thích ăn hành lá nên nhìn thôi đã hấp dẫn vị giác rồi. 1 tô gồm nhiều mực,4-5 trứng cút,thịt bằm vo viên. Quán sạch sẽ,mình cực kì để ý những vấn đề vệ sinh quán
👍Thấy nhiều bạn chê nhân viên nhưng mình đến thấy nhân viên nhanh nhẹn,gọi tầm vài phút là có liền 2 tô. Vừa dừng xe ở cửa là nhân viên hỏi đi mấy người liền ko cần đợi vào bàn,thấy khách từ xa là đứng lên vào quầy bếp chuẩn bị liền
Nói chung 1 tô hủ tiếu mực 59k khá hài lòng<sep>Tối nay có ghé Ăn thử kêu 2 tô hủ tiếu đầy đủ. Vi cũng khá binh thường, nhân viên đông mà nói chuyện quá ồn ào thật sự.
Mực hơi tanh dù tô khá nóng.
Nói chung với giá này mà chất lượng như thế thi quá thất vọng<sep>Mình đã ăn thử một lần hủ tíu ở đây một lần. Theo cảm nhận của mình thì vị không có gì ấn tượng,  khá nhạt.<sep>Lúc mình ăn ở đó không cho thịt viên mình đã không nói gì vì mình cũng đã đang ăn rồi mới phát hiện và cũng hơi trễ nên mình nghĩ chắc hết. Nhưng lúc mình đang ăn thì có khách khác lại gọi hủ tiếu chỉ lấy thịt viên thì nhân viên hỏi nhau bảo còn thịt. Rồi mình mua mang về hai tô nữa cũng không cho mình thịt luôn<sep>Không biết sao chứ mình ăn thấy y chang hủ tiếu vỉa hè bỏ thêm mực vô. 45k / tô mà ăn ko thấy no gì hết. Quá bình thường.<sep>Đợt đi lễ xong thấy quán cũng bự bự nên nhà mình ghé vô ăn thử.
Nước dùng trong veo không cảm giác dầu mỡ, mực tươi, thịt xay cũng ngon và trứng cút thì beo béo. Nói chung ăn được nhưng giá thì có vẻ hơi cao chắc do nguyên liệu của nó là đồ tươi và vận chuyển từ nơi xa đến hay sao mà giá một tô cũng ko phải rẻ.
Ba mình có vẻ rất thích hủ tiếu mực này nhưng chắc vì do khẩu vị khác nhau hay sao ấy mình thì thấy cũng bình thường à :).<sep>nói thật là vòng vòng khu này không có chỗ nào mang tên "" đường số 7"". Chạy vòng quanh khu đó 3-4 lần mà chả thấy con đường đó nằm đâu, mà thay vào đó là 1 con hẻm - HẺM 827. Hẻm đen thui toàn nhà dân, chả có quá hủ tiếu nào, nói chi là hủ tiếu mực.<sep>Giá cả hơi mắt , 60k cho 1 tô hủ tiếu mực thì hơi chua so với thành phần sinh viên.<sep>Vừa qua mình có ghé quán. Quán sạch sẽ, lịch sự. Mực giòn và tươi. Nước dùng trong suốt đẹp mắt, vị ngọt nhưng có điều hơi nhiều bột ngọt. Mình bị dị ứng bột ngọt nên ăn xong hơi mệt tim. Với các bạn không bị dị ứng thì có thể dùng qua. Giá khá cao nhưng không gian thoáng mát và sạch sẽ, phục vụ nhanh nhẹn nên mình nghĩ là nó cũng khá ổn<sep>- Quán rộng rãi, mát mẻ
- Mực tươi, nước dùng ngon, rau cho 2 người ăn nhưng hơi ít phải kêu thêm.
- Mình đi tầm 10h tối, kế bên có mấy quán beer bật nhạc to hơi ồn.<sep>Ngon chất lượng, sạch sẽ. Giá từ 55k/tô. Quán sạch sẽ, hải sản tươi ngon và ngọt<sep>Phục vụ khá tệ, nhân viên hách dịch, mặt khó chịu. 
Rau của khách ăn xong, còn dư thì đem vô trong,  chút lấy cho người sau ăn tiếp.<sep>Bà xã bả khoái ăn quán này. Riêng mình thì lại không thích lắm vì những lý do sau đây.

1. Mặc dù không gian quán rộng rãi thoáng mát, lại sát mặt tiền đường phạm văn đồng nên ngồi nhìn xe cũng vui. Nhưng quán lại xài toàn đèn vàng, ngồi ăn mà cảm giác nóng và buồn ngủ rất nhiều. 

2. Thái độ phục vụ của nhân viên khá hách dịch, hình như nhiều người cũng thấy chuyện này. 

3. Giá quá mắc so với chất lượng đồ ăn. Dù mực tôm tươi nhưng toàn loại baby, mấy loại này mua sỉ rất rẻ. Thêm vào đó là rau cho ít xịt, xin thêm 2 lần thì cho 1 nhúm hít cũng hết, mà thái độ lại hằn học. 1 chén bánh thêm xíu xiu nghĩ sao bán 10k, pó tay chấm cơm.

Nếu tự đi ăn thì mình chả dại gì chui vô cho quán chém. Chắc nhờ gắn mác cali nên nghe giống mỹ nên hút khách.<sep>Hôm nay ghé quán này ăn thử bình thường ăn bên PXL. Phải nói là cực kì chán về món ăn trứng rã tơi ra, mực thì bỡ có mùi, hủ tiếu thì trụng tô mềm tô sống 😪 

Còn điều mình dị ứng nhất quán này là cô order món ăn. Cô mặc đồ bộ nhỏ người ấy. Mình gọi 2 tô hủ tiếu mực và thêm tô thịt viên trứng cút thêm như mọi khi ăn ở PLX mình thường gọi. Xong đem ra tô toàn trứng cút vừa bỡ vừa nát ra. Mình nói là gọi thịt viên trứng cút cô đó còn cãi lại là nãy gọi trứng kg mà. Tí đem thêm thịt viên ra thì thái độ và tiếp tục cãi nói là “mai mốt nhớ kêu đúng thịt viên trứng cút mới được nha” Mình gọi tính tiền xong thì cô đó đem chổi ra quét kéo ghế ầm ầm. Trời ơi! Lần đầu gặp 1 nới ăn uống mà có cái thái độ kinh khủng như vậy. Cực kì khó chịu.

Khuyên quán nên cho nhân viên qua bên chi nhánh Phan Xích Long học hỏi thêm về cách làm việc bên đó. Bên PXL cả chú bảo vệ thôi củng rất là dễ thương rồi.<sep>Không biết là mình ko có duyên với quán này hay sao mà ăn lúc nào cũng bị trục trặc
Ngày đầu tiên khai trương hủ tiếu trụng mềm nhũm, gấp cọng bún nào gãy cọng bún đó
Lần 2 đi ăn kêu bún thêm thì hủ tíu sống nhăn
Lần 3 dẫn ba mẹ đi ăn, 1 cái quán bán từ sáng đến chiều mà 8h sáng mình vào dĩa rau ko có xà lách, thịt xay thì nói hết rồi, buôn bán mà cái mặt trơ trơ chả cần khách. Rồi lại mua 1 phần mang về  thì hộp bịch cũng ko để ngay ngắn , cái hộp để bị úp ngược. Lúc mình tính tiền đi ra thì thấy người đi sau mình thì có thịt viên. Chả hiểu cái kiểu họ buôn bán sao. 1 tô 60k cũng khá cao nhưng bán ko có tâm riết khách cũng thèm tới..<sep>Mình ăn lúc chiều, và nói với lòng sẽ không có lần nữa vào quán này.
Giá cao: 45.000d - 62.000d
Tưởng giá cao thì ăn sẽ chất lượng, nhưng kết quả mình đã sai khi vào quán này. Tô của bạn đi cùng mình là tô hủ tiếu mực tôm (62k) và kết quả là đang ăn ngon lành thì thấy trong tô có NGUYÊN MỘT MÃNH VỠ ỐNG NHỰA ĐEN XÌ KHOẢNG 2x2 cm, thấy vậy mình gọi phục vụ lại, và phục vụ đổi cho một tô khác. Thôi mình là ngừoi dễ tính cũng bỏ qua

Tới tô của mình là tô hủ tiếu mực không, và kết quả là mực làm bẩn, tự hỏi sao tô hủ tiếu của mình có một màu đen kì lạ???

Đã vậy lúc tính tiền, mình nói cô chủ nên “xem lại vệ sinh thức ăn của quán nếu không dễ mất khách...” bả diện cớ lý do này nọ, biết mình sai mà không có lấy MỘT CÂU XIN LỖI. 

Nói để mọi ngừoi biết mà coi chừng có ngày trúng thực khi vào quán này :(<sep>Vô thì nhân viên hỏi là tôm mực đầy đủ không? Ừ thì ra tô 62k. Việc này mình không thích lắm vì thấy giống như gài mình ăn món mắc hơn. Mình thì muốn check menu nên gọi menu nên kêu mực thôi thì 45k.
Nói chung ngoài điểm trừ giá hơi cao thì còn lại ổn từ hương vị tới chất lượng và không gian.<sep>Mình ăn hủ tieu mực ở thanh đa không biết phải chi nhánh của quán ko. Hay giả mạo nữa. Hũ tiếu khoảng 40k mà sao y chang như tô đặc biệt lun. Ngon . Aao mình tới mấy quán kia ko ai hỏi tô thường hay đặc biệt gì. Mà có bán đặc biệt cho mình 62k lận. Bùn gê<sep>Không gian rộng rãi, thoáng mát. Mình gọi hủ tiếu tôm mực, nước dùng ngon, đồ ăn nhiều có điều là hơi ít hủ tiếu. Chất lượng xứng đáng với giá tiền, nhân viên phục vụ ok, sẽ quay lại<sep>Nằm ngay dưới chân cầu Kinh, quán sáng sủa, rộng rãi, thoáng mát, đặc biệt là rất sạch sẽ, đũa muỗng sáng bong, đều được gói trong giấy cẩn thận, riêng khoản vệ sinh là khó quán nào có thể sạch được như thế này.

Món chủ đạo vẫn là hủ tiếu mực nhưng cảm giác ăn ở đây ngon hơn những chi nhánh khác nhiều nha vì hủ tiếu dai mềm, nóng hổi, một tô đầy ụ mực, thịt viên, trứng...cắn vào rất ngon. Nước lèo chính là đặc trưng của hủ tiếu mực, nước lèo chắc chắn là nguyên chất vì ăn vào ngọt thanh, đậm đà.

Nhân viên phục vụ nhanh nhẹn, lịch sự.

Mình cực kỳ thích món hủ tiếu mực ở chi nhánh này, chắc chắn sẽ ghé tiếp.<sep>Vị trí dễ tìm, quán rộng rãi, thoáng
Nước lèo nóng hổi, ăn ấm bụng nhưng vị hơi nhạt, đồ ăn cũng khá nhiều
Giá khá cao 59k cho 1 tô mà rau cho chút xíu<sep>Quán rộng rãi, thoáng mát, ngay gần cây xăng Bình Thọ Thủ Đức.
Nhân viên ko thân thiện, ko nhanh nhẹn, có chỗ đậu xe rộng thoải mái nhưng ko có nhân viên giữ xe ghi thẻ gì nha. 
Về hủ tíu thì theo mình là ko đặc biệt, hơi nhạt. Rau cho ít lắm, lèo tèo vài cọng à, nhờ nhân viên trụng rau giùm mà mặt hầm hầm là thấy ko vui rồi ó.
2 người ăn hết hơn 100k. 
Không ghé lại nữa, không ấn tượng.<sep>Hủ tiếu mực 49k
Hủ tiếu mực + tôm 67k
Trà đá 2k
Khăn lạnh 2k<sep>Nằm gần vòng xoay Trung Sơn sát bên quán dê Phú Quý. Không gian rộng rãi và thính mát, dùng quạt máy chứ không có phòng lạnh. Chúc bảo vệ thân thiện với khách hàng. Nhân viên phục vụ nhanh. 
Mình gọi hai tô hủ tiếu mực tôm 67k/tô. Mỗ tô đều kèm theo 1 chén muỗi ớt xanh để chấm hải sản. Rau ăn kèm có giá và cải cúc. Mỗi phần có tôm, mực, trứng cút và thịt viên băm nhuyễn. Sợi hủ tíu dai dai, nước dùng đậm đà. Tuy giá hơi cao xíu nhưng lâu lâu ăn đổi gió cũng ổn. Trà đá 2k/ly<sep>Sợi mì dai, nước lèo ngon.
Nhân viên phục vụ nhiệt trình<sep>Nằm ngay gần vòng xoay trung sơn, đi xuống cầu bo lại gần quán lẩu dê là đến quán ngay luôn.
Không gian: quán mới mở nên hơi vắng xíu. Ngồi quạt chứ không có phòng lạnh. Mình ghé ăn vào buổi trưa nên hơi nóng.
Nhân viên phục vụ nhanh. Menu chỉ có vài món thôi.
Tụi mình gọi 2 hủ tiếu tôm mực giá 67k/ tô. Dùng kèm với giá và cải cúc. Tô hủ tíu chất lượng lắm thịt nhiều, tôm, mực tươi.
Sợi hủ tíu dai dai, nước dùng đậm đà. Nhưng hình như có cho bột ngọt hay sao ấy mình ăn xong lúc sau cảm thấy khó chịu lắm.",7.733333333333334,7.316666666666666,6.966666666666666,6.366666666666667,6.033333333333334,49.000đ - 670.000đ
Hủ Tiếu & Bò Kho Bánh Mì,5.8,"Quốc Lộ 50, Xã Tân Kim,Huyện Bình Chánh,TP. HCM",1,https://www.foody.vn/ho-chi-minh/hu-tieu-bo-kho-banh-mi,"Thường đi ngang 7h khách rất đông 
Ngày lễ  thì đông người 
Chủ quán thân thiện 
Trà đá free.",7.0,7.0,7.0,5.0,3.0,20.000đ - 25.000đ
Hủ Tiếu - Đường Số 10,8.0,"35 Đường Số 10,Huyện Bình Chánh,TP. HCM",1,https://www.foody.vn/ho-chi-minh/hu-tieu-duong-so-10,"Tính mình thích ngủ nướng, bỏ bữa sáng rồi đi làm luôn. Nhưng từ khi biết quán này, tuần nào cũng ráng dậy ăn ít nhất 2-3 lần ^^",9.0,9.0,8.0,7.0,7.0,25.000đ - 30.000đ
"Thuỳ Dương - Bột Chiên Pate, Mì & Hủ Tiếu Xào Bò Mã Lai",8.2,"A1/3 Quốc Lộ 50, Xã Đa Phước,Huyện Bình Chánh,TP. HCM",1,https://www.foody.vn/ho-chi-minh/thuy-duong-bot-chien-pate-thit-bam-quach-van-tuan,"Mì xào bò mã lai thêm trứng giá tại quán chỉ 30k
Em đi vs bạn. Em ăn mì bạn em ăn hủ tíu. Vị bò mã lai ngọt ngọt lạ miệng. Với giá này thì qá ok cho 1 ngày mưa rồi. Chờ gì nữa mà k tới nhanh đi mấy chế. 
Đối diện số 2/3a Quách Văn Tuấn nha. Mưa qá k đi đc thì cứ book now hay gofood cũng có luôn nhenn. 🥰❤",9.0,8.0,8.0,8.0,8.0,25.000đ - 35.000đ
Mì Chú Cao - Hủ Tiếu & Nui Xào Bò,_._,"C5/14 Phạm Hùng,Huyện Bình Chánh,TP. HCM",0,https://www.foody.vn/ho-chi-minh/mi-chu-cao-hu-tieu-nui-xao-bo,no data,no data,no data,no data,no data,no data,no data
"Bún Riêu Cua, Hủ Tiếu & Canh Bún",_._,"Hẻm 51 Phạm Hùng, P. Bình Hưng,Huyện Bình Chánh,TP. HCM",0,https://www.foody.vn/ho-chi-minh/bun-rieu-cua-hu-tieu-canh-bun,no data,no data,no data,no data,no data,no data,no data
Quán Hủ Tiếu Anh Cường,_._,"E10/3 Đinh Văn Ước, Xã Hưng Long,Huyện Bình Chánh,TP. HCM",0,https://www.foody.vn/ho-chi-minh/quan-hu-tieu-anh-cuong,no data,no data,no data,no data,no data,no data,no data
Vi Anh 2 - Cơm Gà Xối Mỡ & Hủ Tiếu Nam Vang,_._,"34 Đường Số 10, KDC Bình Hưng,Huyện Bình Chánh,TP. HCM",0,https://www.foody.vn/ho-chi-minh/vi-anh-2-com-ga-xoi-mo-hu-tieu-nam-vang,no data,no data,no data,no data,no data,no data,no data
Hủ Tiếu Mì Xá Xíu & Thập Cẩm,_._,"680/42 Đường Số 4, Xã Bình Hưng,Huyện Bình Chánh,TP. HCM",0,https://www.foody.vn/ho-chi-minh/hu-tieu-mi-xa-xiu-thap-cam,no data,no data,no data,no data,no data,no data,no data
"Bột Chiên, Hủ Tiếu Xào & Mì Xào",_._,"146 Phạm Hùng, P. Bình Hưng,Huyện Bình Chánh,TP. HCM",0,https://www.foody.vn/ho-chi-minh/bot-chien-hu-tieu-xao-mi-xao,no data,no data,no data,no data,no data,no data,no data
Hủ Tiếu Mì & Bò Kho - Quách Điêu,_._,"C2/1B Quách Điêu, Xã Vĩnh Lộc A,Huyện Bình Chánh,TP. HCM",0,https://www.foody.vn/ho-chi-minh/hu-tieu-mi-bo-kho-quach-dieu,no data,no data,no data,no data,no data,no data,no data
"Tư Mập - Bún Bò, Hủ Tiếu Mì & Bò Kho",_._,"C1/18 Phạm Hùng, Xã Bình Hưng,Huyện Bình Chánh,TP. HCM",0,https://www.foody.vn/ho-chi-minh/tu-map-bun-bo-hu-tieu-mi-bo-kho,no data,no data,no data,no data,no data,no data,no data
Hủ Tiếu & Bún Riêu Nga - Kinh A,_._,"F1/1 Kinh A, Xã Lê Minh Xuân,Huyện Bình Chánh,TP. HCM",0,https://www.foody.vn/ho-chi-minh/hu-tieu-bun-rieu-nga-kinh-a,no data,no data,no data,no data,no data,no data,no data
Quán Cây Sộp - Hủ Tiếu & Bún Bò Huế,_._,"19 Đường Số 25, P. Hiệp Bình Chánh,Tp. Thủ Đức,TP. HCM",0,https://www.foody.vn/ho-chi-minh/quan-cay-sop-hu-tieu-bun-bo-hue,no data,no data,no data,no data,no data,no data,no data
Hồng Phát 2 - Hủ Tiếu Nam Vang,_._,"C3/26 Phạm Hùng, Xã Bình Hưng,Huyện Bình Chánh,TP. HCM",0,https://www.foody.vn/ho-chi-minh/hong-phat-2-hu-tieu-nam-vang,no data,no data,no data,no data,no data,no data,no data
Hủ Tiếu Bình Dân - Trần Đại Nghĩa,_._,"B19/402 Trần Đại Nghĩa,Huyện Bình Chánh,TP. HCM",0,https://www.foody.vn/ho-chi-minh/hu-tieu-binh-dan-tran-dai-nghia,no data,no data,no data,no data,no data,no data,no data
Hủ Tiếu Mì Gia,_._,"A5/39H Liên Ấp 123, Xã Vĩnh Lộc B,Huyện Bình Chánh,TP. HCM",0,https://www.foody.vn/ho-chi-minh/hu-tieu-mi-gia,no data,no data,no data,no data,no data,no data,no data
Hủ Tiếu Xương & Bún Bò - Hiệp Bình,_._,"137A1 Hiệp Bình, P. Hiệp Bình Chánh,Tp. Thủ Đức,TP. HCM",0,https://www.foody.vn/ho-chi-minh/hu-tieu-xuong-bun-bo-hiep-binh,no data,no data,no data,no data,no data,no data,no data
"Bánh Canh, Hủ Tiếu & Hoành Thánh - Trịnh Quang Nghị",_._,"D11/299 Trịnh Quang Nghị, Xã Phong Phú,Huyện Bình Chánh,TP. HCM",0,https://www.foody.vn/ho-chi-minh/banh-canh-hu-tieu-hoanh-thanh-trinh-quang-nghi,no data,no data,no data,no data,no data,no data,no data
Út Tuyết - Hủ Tiếu Hải Sản & Bún Mắm,_._,"C1/7 Ấp 3,Huyện Bình Chánh,TP. HCM",0,https://www.foody.vn/ho-chi-minh/ut-tuyet-hu-tieu-hai-san-bun-mam,no data,no data,no data,no data,no data,no data,no data
Thảo Nhân 2 - Hủ Tiếu Nam Vang,_._,"1430 Vĩnh Lộc,Huyện Bình Chánh,TP. HCM",0,https://www.foody.vn/ho-chi-minh/thao-nhan-2-hu-tieu-nam-vang,no data,no data,no data,no data,no data,no data,no data
"Đăng Triều - Hủ Tiếu, Bánh Canh & Bún Mọc",_._,"B4/33A1 Ấp 2,Huyện Bình Chánh,TP. HCM",0,https://www.foody.vn/ho-chi-minh/dang-trieu-hu-tieu-banh-canh-bun-moc,no data,no data,no data,no data,no data,no data,no data
"Bé An - Phở, Hủ Tiếu & Điểm Tâm Sáng",_._,"1015 Vĩnh Lộc,Huyện Bình Chánh,TP. HCM",0,https://www.foody.vn/ho-chi-minh/be-an-pho-hu-tieu-diem-tam-sang,no data,no data,no data,no data,no data,no data,no data
"Ngọc Dung - Bún, Hủ Tiếu & Hoành Thánh",_._,"C3/16A Phạm Hùng, Xã Bình Hưng,Huyện Bình Chánh,TP. HCM",0,https://www.foody.vn/ho-chi-minh/ngoc-dung-bun-hu-tieu-hoanh-thanh,no data,no data,no data,no data,no data,no data,no data
Tân Định - Bánh Canh Cua & Hủ Tiếu Nam Vang,_._,"A30/10 Quốc Lộ 50,Huyện Bình Chánh,TP. HCM",0,https://www.foody.vn/ho-chi-minh/tan-dinh-banh-canh-cua-hu-tieu-nam-vang,no data,no data,no data,no data,no data,no data,no data
Chú Phước - Bún Mọc Chả & Hủ Tiếu Bò Viên,_._,"E10/295B Ấp 5, Quốc Lộ 50, Xã Phong Phú,Huyện Bình Chánh,TP. HCM",0,https://www.foody.vn/ho-chi-minh/chu-phuoc-bun-moc-cha-hu-tieu-bo-vien,no data,no data,no data,no data,no data,no data,no data
Thuận - Hủ Tiếu Sa Đéc,_._,"C19 Ấp 4, Xã Bình Hưng,Huyện Bình Chánh,TP. HCM",0,https://www.foody.vn/ho-chi-minh/thuan-hu-tieu-sa-dec,no data,no data,no data,no data,no data,no data,no data
Ăn Sáng Cô Nhung - Bún Bò & Hủ Tiếu - Phạm Hùng,_._,"C2/12A3 Phạm Hùng, X. Bình Hưng,Huyện Bình Chánh,TP. HCM",0,https://www.foody.vn/ho-chi-minh/an-sang-co-nhung-bun-bo-hu-tieu-pham-hung,no data,no data,no data,no data,no data,no data,no data
Quán FA - Hủ Tiếu & Cơm,_._,"D23/625 Trịnh Quang Nghị, P. Phong Phú,Huyện Bình Chánh,TP. HCM",0,https://www.foody.vn/ho-chi-minh/quan-fa-hu-tieu-com,no data,no data,no data,no data,no data,no data,no data
Quán Hủ Tiếu Mì - Đường Số 5,_._,"69 Lô A78 Đường Số 5, Xã Bình Hưng,Huyện Bình Chánh,TP. HCM",0,https://www.foody.vn/ho-chi-minh/quan-hu-tieu-mi-duong-so-5,no data,no data,no data,no data,no data,no data,no data
Hủ Tiếu & Giải Khát - Trần Đại Nghĩa,_._,"B6/1 Trần Đại Nghĩa,Huyện Bình Chánh,TP. HCM",0,https://www.foody.vn/ho-chi-minh/hu-tieu-giai-khat-tran-dai-nghia,no data,no data,no data,no data,no data,no data,no data
Tân Hòa Ký - Hủ Tiếu Mì Gia - Đường Số 10,_._,"46 Đường Số 10, KDC Ấp 2, X. Bình Hưng,Huyện Bình Chánh,TP. HCM",0,https://www.foody.vn/ho-chi-minh/tan-hoa-ky-hu-tieu-mi-gia-duong-so-10,no data,no data,no data,no data,no data,no data,no data
"Thiên Ân - Bánh Canh, Hủ Tiếu & Bún Chay",_._,"1A/204 Vĩnh Lộc,Huyện Bình Chánh,TP. HCM",0,https://www.foody.vn/ho-chi-minh/thien-an-banh-canh-hu-tieu-bun-chay,no data,no data,no data,no data,no data,no data,no data
Tường Phát - Hủ Tiếu Nam Vang - Quách Điêu,_._,"F12/2B Quách Điêu,Huyện Bình Chánh,TP. HCM",0,https://www.foody.vn/ho-chi-minh/tuong-phat-hu-tieu-nam-vang-quach-dieu,no data,no data,no data,no data,no data,no data,no data
"Hủ Tiếu Mì, Nui & Bánh Canh - Đường Số 8",_._,"23 Đường Số 8,Huyện Bình Chánh,TP. HCM",0,https://www.foody.vn/ho-chi-minh/hu-tieu-mi-nui-banh-canh-duong-so-8,no data,no data,no data,no data,no data,no data,no data
Hủ Tiếu Mỳ Gia Kiệt Ký,_._,"F6/9A Lại Hùng Cường, P. Vĩnh Lộc B,Huyện Bình Chánh,TP. HCM",0,https://www.foody.vn/ho-chi-minh/hu-tieu-my-gia-kiet-ky,no data,no data,no data,no data,no data,no data,no data
Huy Ký - Hủ Tiếu Xào - Phạm Hùng,_._,"84/12 Phạm Hùng, X. Bình Hưng,Huyện Bình Chánh,TP. HCM",0,https://www.foody.vn/ho-chi-minh/huy-ky-hu-tieu-xao-pham-hung.bosr3w,no data,no data,no data,no data,no data,no data,no data
Chị Hương - Hủ Tiếu Chay - Shop Online,_._,"A28/25B Quốc Lộ 50, Ấp 1, Xã Bình Hưng,Huyện Bình Chánh,TP. HCM",0,https://www.foody.vn/ho-chi-minh/chi-huong-hu-tieu-chay-shop-online,no data,no data,no data,no data,no data,no data,no data
Út Liên - Hủ Tiếu Khô & Bánh Canh Bột Gạo,_._,"A22 Quốc Lộ 50 Ấp 1A, Xã Bình Hưng,Huyện Bình Chánh,TP. HCM",0,https://www.foody.vn/ho-chi-minh/ut-lien-hu-tieu-kho-banh-canh-bot-gao,no data,no data,no data,no data,no data,no data,no data
Hủ Tiếu Nam Vang Tài Anh - Quốc Lộ 50,_._,"A1/4 Quốc lộ 50, X. Phong Phú,Huyện Bình Chánh,TP. HCM",0,https://www.foody.vn/ho-chi-minh/hu-tieu-nam-vang-tai-anh-quoc-lo-50,no data,no data,no data,no data,no data,no data,no data
Hủ Tiếu Nam Vang Him Lam - Hủ Tiếu - 16 Đường 13 Khu Dân Cư Him Lam 6A,_._,"16 Khu Dân Cư Him Lam 6A Đường Số 13, X. Bình Hưng,Huyện Bình Chánh,TP. HCM",0,https://www.foody.vn/ho-chi-minh/hu-tieu-nam-vang-him-lam-hu-tieu-16-duong-13-khu-dan-cu-him-lam-6a.0xxjrv,no data,no data,no data,no data,no data,no data,no data
Quán Hủ Tiếu Nam Vang & Bò Kho 103 - Đường Số 1,_._,"103 Đường Số 1, X. Bình Hưng,Huyện Bình Chánh,TP. HCM",0,https://www.foody.vn/ho-chi-minh/quan-hu-tieu-nam-vang-bo-kho-103-duong-so-1,no data,no data,no data,no data,no data,no data,no data
Nam Vang Hủ Tiếu Bánh Canh 2 Tô - Đường Số 9A - Shop Online,_._,"120 Đường Số 9A, Xã Bình Hưng,Huyện Bình Chánh,TP. HCM",0,https://www.foody.vn/ho-chi-minh/nam-vang-hu-tieu-banh-canh-2-to-duong-so-9a-shop-online,no data,no data,no data,no data,no data,no data,no data
Hùng Ký Mì Gia - Đường Số 9A,_._,"119 Đường Số 9A, Xã Bình Hưng,Huyện Bình Chánh,TP. HCM",0,https://www.foody.vn/ho-chi-minh/hung-ky-mi-gia-duong-so-9a,no data,no data,no data,no data,no data,no data,no data
Thuận Ký Mì Gia,8.6,"26 Đường Số 18, Khu Dân Cư Him Lam,Huyện Bình Chánh,TP. HCM",15,https://www.foody.vn/ho-chi-minh/thuan-ky-mi-gia,"Quán dời về cách chỗ cũ 2 căn rùi mọi người ơi. Vừa mở bán lại hôm 04/05.<sep>Món ăn sáng quen thuộc của mình. Hủ tiếu mềm tôm cá. Cá và tôm rất tươi ăn vào vị nước lèo thanh thanh vừa miệng. Mình bị say bột ngọt nên sợ ăn bên ngoài lắm nhưng ăn ở đây cảm giác rất an toàn như nhà nấu vậy. Mình đến quán ko cần gọi mấy bạn nhân viên đã biết mình ăn gì rồi hehe<sep>Topping tươi, ăn ổn. Đặt online nên giá hơi cao do tiền hộp với chiết khấu now. Có dịp sẽ ghé ăn trực tiếp.<sep>Thuận đường nên lâu lâu hay tạt qua ăn sáng. Mì ngon, vừa miệng, giá cũng phải chăng. Tiếc là chỉ bán sáng thôi nên nhiều khi tối thèm cũng không được ăn. À anh chủ quán đẹp trai nhiệt tình lắm. 😝<sep>Mì hoành thánh xá xíu rất ngon, giá ổn, nước lèo ko bị béo nên ko ngán. Quán xài mì vắt chứ ko phải mì trứng.<sep>Mì khô xá xíu.

Thịt xá xíu mềm và thấm vị.
Sợi mì trụng vừa tới còn độ dai, nếu bạn nào ăn khỏe có thể gọi 3 vắt.
Nước lèo thanh ngọt vừa ăn.
Giá 38k cho 1 buổi sáng
Mình thấy menu còn có sate nai,hoành thánh và các món khác.
Hợp lí ấm bụng, sẽ quay lại.<sep>Không có gì đặc biệt cả về nước lèo và topping. Giá rẻ tương ứng với số lượng ít.<sep>Ngon tuyệt vời ngon kinh khủng mọi người ơi :(((((
Nước hủ tiếu không phải nước lèo trong như bình thường mà thuộc dạng sốt, đậu phộng xay nhuyễn xong nấu lên nên không còn mùi đậu phộng mà lại rất vừa miệng, một đứa không thích sốt đậu phộng như mình mà đã ăn hết tô này luôn ý, rồi cả thịt nai dai dai mềm mềm ngon lắm cơ 🤤🤤
Quán chỉ bán tới trưa thôi nên mình sẽ ráng dậy sớm để chạy qua ăn tiếp các món còn lại \m/<sep>Hôm nay mình ghé qua quán mì người Hoa để ăn sáng.mình thử mì thập cẩm, cảm nhận đầu tiên khi vừa húp muỗng nước lèo thì mình thấy thật ngọt . Nước lèo đậm vị , full topping ,Ăn quá đã . Chỉ với 38k là đã có 1 bữa sáng thịnh soạn 😋😋😋 mọi ng cùng ghé quán THUẬN KÍ Nha ...<sep>Lần đầu ghé quán ăn sáng. Không gian quán thoáng mát do nằm đối diện công viên trung tâm khu dân cư. Về đồ ăn thì tuỳ khẩu vị mỗi người riêng mình thì thấy rất hợp vị ăn sáng nhẹ ở đây là đủ để chuẩn bị cho 1 ngày làm việc dài 😆
Lần sau có dịp sẽ ghé lại 😁",9.1,8.7,8.7,8.5,7.9,32.000đ - 50.000đ
Hiền Ký Mì Gia,2.6,"245 Đường Số 9A, KDC Trung Sơn, Xã Bình Hưng,Huyện Bình Chánh,TP. HCM",2,https://www.foody.vn/ho-chi-minh/hien-ky-mi-gia,"- Giao hàng thay đổi nhiều lần, huỷ đơn hàng không cho
- Tự động đổi món của khách
- Giao 4 món  không có món gì đúng hết
- Sẽ không bao giờ đặt hàng ở đây nữa, quá thất vọng<sep>Quán này đặt món gì cũng hết, lúc đầu mình đặt 4 phần :
     - hủ tiếu mì hoành thánh thập cẩm
     - hủ tiếu mì sườn non
     - 2 hủ tiếu mì cật
  Sau báo lại mình hết sườn non, mình đổi qua hủ tiếu mì xí quách, báo lại quán còn cật tim, tôm thôi. Mình đồng ý đổi qua hủ tiếu mì hoành thánh thập cẩm.
Khi nào nhập hàng thì mình nhận:
      - hủ tiếu mì hoành thánh thập cẩm -> nhận hoành thánh thập cẩm, không có hủ tiếu hay mì kèm theo
       - hủ tiếu mì cật -> nhận mì cật không có hủ tiếu
  Chất lượng món ăn thì ổn mà bán không đúng món đã chọn. Lúc báo hết món này món kia, mình muốn hủy luôn đơn hàng cũng không cho hủy.",4.0,4.0,3.0,1.0,1.0,10.000đ - 65.000đ
Hủ Tíu Sườn Cô Ngọc - Trịnh Quang Nghị,_._,"D11/317 Trịnh Quang Nghị, X. Phong Phú,Huyện Bình Chánh,TP. HCM",0,https://www.foody.vn/ho-chi-minh/hu-tiu-suon-co-ngoc-trinh-quang-nghi,no data,no data,no data,no data,no data,no data,no data
A Tám - Hủ Tíu - Đường Số 9,_._,"121 Đường Số 9, X. Bình Hưng,Huyện Bình Chánh,TP. HCM",0,https://www.foody.vn/ho-chi-minh/a-tam-hu-tiu-duong-so-9.q2yuce,no data,no data,no data,no data,no data,no data,no data
Quán Chay Tình Thương - Thới Hòa,_._,"E3/23D Thới Hòa,Huyện Bình Chánh,TP. HCM",0,https://www.foody.vn/ho-chi-minh/quan-chay-tinh-thuong-thoi-hoa,no data,no data,no data,no data,no data,no data,no data
Dinh Ý - Cơm Gà Xối Mỡ,9.8,"2F-2T Đường Số 10, Xã Bình Hưng,Huyện Bình Chánh,TP. HCM",3,https://www.foody.vn/ho-chi-minh/dinh-y-com-ga-xoi-mo,"Mình hay order bên đây, giá rẻ cơm chiên ngon

Sẽ ủng hộ tiếp<sep>Mình hay order bên đây, giá rẻ cơm chiên ngon

Sẽ ủng hộ tiếp<sep>Mình hay order bên đây, giá rẻ cơm chiên ngon

Sẽ ủng hộ tiếp",10.0,10.0,10.0,10.0,9.0,25.000đ - 30.000đ
Ngọc - Cháo Lòng & Bún Bò Huế,_._,"C3/4 Phạm Hùng,Huyện Bình Chánh,TP. HCM",0,https://www.foody.vn/ho-chi-minh/ngoc-chao-long-bun-bo-hue,no data,no data,no data,no data,no data,no data,no data
Quán Ăn Trần Ký Cơm Chiên Giòn Gà Xối Mỡ,_._,"C1/5A1 Ấp 3, Xã Vĩnh Lộc A,Huyện Bình Chánh,TP. HCM",0,https://www.foody.vn/ho-chi-minh/quan-an-tran-ky-com-chien-gion-ga-xoi-mo,no data,no data,no data,no data,no data,no data,no data
Quán Ngọc - Cơm Tấm & Bún Thịt Nướng - Nguyễn Thị Sưa,_._,"C3/1 Nguyễn Thị Sưa, Xã Vĩnh Lộc A,Huyện Bình Chánh,TP. HCM",0,https://www.foody.vn/ho-chi-minh/quan-ngoc-com-tam-bun-thit-nuong-nguyen-thi-sua.7ympvc,no data,no data,no data,no data,no data,no data,no data
Quán Ăn Hùng Xíu - Hủ Tíu Xào & Cơm Gà Xối Mỡ,_._,"A26/4 Quốc Lộ 50, Xã Bình Hưng,Huyện Bình Chánh,TP. HCM",0,https://www.foody.vn/ho-chi-minh/quan-an-hung-xiu-hu-tiu-xao-com-ga-xoi-mo,no data,no data,no data,no data,no data,no data,no data
Hải Thành - Cơm Gà & Mì Xào - B4/23 Quốc Lộ 50,_._,"B4/23 Quốc lộ 50, X. Bình Hưng,Huyện Bình Chánh,TP. HCM",0,https://www.foody.vn/ho-chi-minh/hai-thanh-com-ga-mi-xao-b4-23-quoc-lo-50.av0jpl,no data,no data,no data,no data,no data,no data,no data
Lâm Lâm Mì Gia,5.7,"65 Đường Số 9A,Huyện Bình Chánh,TP. HCM",8,https://www.foody.vn/ho-chi-minh/lam-lam-mi-gia,"Ăn hết r mới chụp ảnh lại, mình ord lần 2 rồi, cá ,sương,thịt điều rất ngon và chất lượng,nước uống ở đây vị giống nhà nấu,nói chung 5sao<sep>Thời điểm mình ăn là 60k từ tôm tới thập cẩm, ~45k từ hoành thánh tới sườn. Thực sự ăn rất tệ, k hề ngon chút nào. Thua xa nhiều chỗ khác mà giá còn cao hơn nhiều chỗ khác. Bếp rất bẩn làm mình lo ngại về vấn đề vệ sinh an toàn thực phẩm. Mình rất ghét ăn tại những quán mà k công khai giá do có trường hợp mỗi khách một giá khác nhau, k biết quán này có giống vậy k.<sep>The soup is absolutely gorgious with an elegant sweet taste of seafood (3 freshly boiled shrimps and 6 slices of thin fish cutlets)! The noodle is a remakable representation of the fine and artictic Chinese cookery style! The dimsum pieces are beautiful and tasty as if it melt right in your throat when you take the first bite! The LuHan Fruit juice is just exceptional, light sweet taste and make your body feel like energised as you drink it! 10/10 for quality and a five stars for service!<sep>Vào giờ cao điểm quá khá đông nhưng phục vụ món rất nhanh.
Nhân viên thân thiện, nhanh nhẹn
Bước vào đây bạn sẽ không nhìn thấy giá của món ăn đâu nhưng yên tâm giá chỉ tầm 40k nhưng chất lượng khỏi chê.
Không gian sạch sẽ, thoáng mát.
Món điểm tâm: sủi cảo, xíu mại, mình hay ăn món này bên khu quận 10 nhưng thấy ở đây làm ngon nhất. Đĩa này không free đâu nhá. 30k/4 viên 
Mình gọi 1 tô mì sườn và 1 tô mì cật. Sườn hầm rất mềm được những 2 cộng to, mì cật được những 2 trái. Những món người Hoa mình hay ăn không được nhiều như vậy.
Điểm trừ: không có topping bánh xèo giòn, mì ở đây là mì trứng không phải mì tươi.
Nước dùng vừa miệng<sep>Sau khi đọc review trên foody thì mình ghé quán ăn thử vào hôm 23/2. Mới ngồi xuống bàn nhân viên mang dĩa há cảo ra, vì đọc review há cảo không tốt nên không ăn, lúc đó nhân viên có vẻ không hài lòng. Gọi 2 tô mì sủi cảo thập cẩm. Tô bao gồm khoảng 4 miếng sủi cảo, mì, rau, 2 con tôm, 5 miếng thịt xá xíu xắt mỏng và 1 miếng xương dày cỡ 1cm. Ăn khá no, nước dùng trong và vị tạm được. Quán không có menu hay ghi giá cả niêm yết.Khi tính tiền thì mình bị ""chém"" 68k/ 1 tô. Nhân viên bảo thập cẩm giá như vậy, còn mì không sủi cảo thì 45k/1 tô. Lúc đọc review thấy có bạn bảo 37k nên mình yên tâm không hỏi giá không ngờ lại bị chém đẹp, có thể do mình ko ăn há cảo thêm?Lúc đi vệ sinh đi ngang wa bếp thì mình thấy bếp khá dơ. Đồ ăn chất lượng tạm được nhưng giá không tương xứng. Quán không trung thực.<sep>Thấy mọi người review nhiều nên sáng nay ghé ăn thử. Bản thân là người Hoa nên các thể loại điểm tâm, mì hoành thánh sủi cảo luôn là món khoái khẩu. Cảm giác đầu tiên là quán dễ tìm, nhân viên thân thiện, lên món nhanh đúng như chủ thớt nói. Mình order mì hoành thánh xá xíu, món ăn chưa lên thì đã có nhân viên mang ra 1 dĩa điểm tâm gồm 4 viên (2 há cảo, 2 xíu mại). Thất vọng ngay từ lúc vừa mang ra, cứ như đã để từ tối qua đến giờ, cả dĩa lạnh ngắt, nhưng thôi bấm bụng ăn thử để test chất lượng, nói chung là ngon , còn có tôm tươi bên trong, nhưng chỉ ăn 1 lần cho biết thôi, những lần sau sẽ không dám đụng đến, vì cứ có khách vào là mang ra, khách không ăn lại mang vào,rồi lại mang ra. Cực kì ghét vì không biết dĩa của mình đã đi theo chu kỳ bao nhiêu vòng như vậy, chưa kể lạnh tanh. Sao quán không để vào menu, khách cần thì gọi, 1 dĩa 4 viên 25k. Mì thì ngon ok không vấn đề.( hoành thánh không ngon)
nhưng để so chất lượng với các quán khác thì còn khoảng cách khá lớn. tổng thiệt hại 66k cho 1 tô mì 37k, 1 dĩa điểm tâm 25k, trà đá khăn lạnh 4k.<sep>Quán gần nhà nên đây là chỗ ăn sáng quen thuộc của gia đình. Buổi tối ngán cơm, mình cũng ra đây ăn. Quán hình như bán cả ngày, trừ tối chủ nhật.
Về món ăn thì hương vị khá ổn, cá, tôm rất tươi, nước dùng ngọt thịt, đậm đà mà mì khô cũng ngon nữa.
Thái độ phục vụ tốt, nhanh lẹ, thân thiện. Nhân viên chủ yếu là người nhà, và hình như là sinh viên nên hơi bị thiếu người.<sep>🌸🌸🌸 TIP: trước khi phục vụ mì quán sẽ tự động đưa ra một đĩa há cảo xíu mại. Đĩa này ko phải free đâu nhé :v ăn bao nhiêu tính bấy nhiêu, 5k/viên.

🍜🍜🍜🍜 đồ ăn ngon và chất lượng. Sợi mì mướt, nước ngọt và thịt thà cũng đầy đủ. Điểm trừ nhẹ thôi là hơi ít rau và vỏ xíu mại không được dẻo mà bị bột. Quán không có menu nhé, phục vụ các đồ loại mì cơ bản và cơm tấm. 

🏡🏡🏡🏡 mình tạt vô ăn thử quán này là do thấy không gian sạch sẽ và rộng rãi. Quầy làm đồ trông pro lắm, đâu ra đấy, bạn phục vụ làm nhanh thoăn thoắt. Trên bàn đầy đủ gia vị, thìa đũa. Mỗi tội hôm mình ăn chai nước mắm bên ngoài đầu mỡ, cầm phát kinh.

Nằm gần cầu Him Lam, trên đường từ quận 7 ra quận 8. Đì từ quận 8 sang thì nằm bên tay trái cái chế nhé!

👧🏻👧🏻👧🏻 phục vụ chú tâm, chuyên nghiệp.

💸💸💸💸 giá tiền hợp lý. 35k/bát mì khá to và đầy đặn. Dinsum 5k/ miếng.",6.4,6.3,5.4,5.4,5.3,15.000đ - 30.000đ
Lâm Lâm Mì Gia,5.7,"65 Đường Số 9A,Huyện Bình Chánh,TP. HCM",8,https://www.foody.vn/ho-chi-minh/lam-lam-mi-gia,"Ăn hết r mới chụp ảnh lại, mình ord lần 2 rồi, cá ,sương,thịt điều rất ngon và chất lượng,nước uống ở đây vị giống nhà nấu,nói chung 5sao<sep>Thời điểm mình ăn là 60k từ tôm tới thập cẩm, ~45k từ hoành thánh tới sườn. Thực sự ăn rất tệ, k hề ngon chút nào. Thua xa nhiều chỗ khác mà giá còn cao hơn nhiều chỗ khác. Bếp rất bẩn làm mình lo ngại về vấn đề vệ sinh an toàn thực phẩm. Mình rất ghét ăn tại những quán mà k công khai giá do có trường hợp mỗi khách một giá khác nhau, k biết quán này có giống vậy k.<sep>The soup is absolutely gorgious with an elegant sweet taste of seafood (3 freshly boiled shrimps and 6 slices of thin fish cutlets)! The noodle is a remakable representation of the fine and artictic Chinese cookery style! The dimsum pieces are beautiful and tasty as if it melt right in your throat when you take the first bite! The LuHan Fruit juice is just exceptional, light sweet taste and make your body feel like energised as you drink it! 10/10 for quality and a five stars for service!<sep>Vào giờ cao điểm quá khá đông nhưng phục vụ món rất nhanh.
Nhân viên thân thiện, nhanh nhẹn
Bước vào đây bạn sẽ không nhìn thấy giá của món ăn đâu nhưng yên tâm giá chỉ tầm 40k nhưng chất lượng khỏi chê.
Không gian sạch sẽ, thoáng mát.
Món điểm tâm: sủi cảo, xíu mại, mình hay ăn món này bên khu quận 10 nhưng thấy ở đây làm ngon nhất. Đĩa này không free đâu nhá. 30k/4 viên 
Mình gọi 1 tô mì sườn và 1 tô mì cật. Sườn hầm rất mềm được những 2 cộng to, mì cật được những 2 trái. Những món người Hoa mình hay ăn không được nhiều như vậy.
Điểm trừ: không có topping bánh xèo giòn, mì ở đây là mì trứng không phải mì tươi.
Nước dùng vừa miệng<sep>Sau khi đọc review trên foody thì mình ghé quán ăn thử vào hôm 23/2. Mới ngồi xuống bàn nhân viên mang dĩa há cảo ra, vì đọc review há cảo không tốt nên không ăn, lúc đó nhân viên có vẻ không hài lòng. Gọi 2 tô mì sủi cảo thập cẩm. Tô bao gồm khoảng 4 miếng sủi cảo, mì, rau, 2 con tôm, 5 miếng thịt xá xíu xắt mỏng và 1 miếng xương dày cỡ 1cm. Ăn khá no, nước dùng trong và vị tạm được. Quán không có menu hay ghi giá cả niêm yết.Khi tính tiền thì mình bị ""chém"" 68k/ 1 tô. Nhân viên bảo thập cẩm giá như vậy, còn mì không sủi cảo thì 45k/1 tô. Lúc đọc review thấy có bạn bảo 37k nên mình yên tâm không hỏi giá không ngờ lại bị chém đẹp, có thể do mình ko ăn há cảo thêm?Lúc đi vệ sinh đi ngang wa bếp thì mình thấy bếp khá dơ. Đồ ăn chất lượng tạm được nhưng giá không tương xứng. Quán không trung thực.<sep>Thấy mọi người review nhiều nên sáng nay ghé ăn thử. Bản thân là người Hoa nên các thể loại điểm tâm, mì hoành thánh sủi cảo luôn là món khoái khẩu. Cảm giác đầu tiên là quán dễ tìm, nhân viên thân thiện, lên món nhanh đúng như chủ thớt nói. Mình order mì hoành thánh xá xíu, món ăn chưa lên thì đã có nhân viên mang ra 1 dĩa điểm tâm gồm 4 viên (2 há cảo, 2 xíu mại). Thất vọng ngay từ lúc vừa mang ra, cứ như đã để từ tối qua đến giờ, cả dĩa lạnh ngắt, nhưng thôi bấm bụng ăn thử để test chất lượng, nói chung là ngon , còn có tôm tươi bên trong, nhưng chỉ ăn 1 lần cho biết thôi, những lần sau sẽ không dám đụng đến, vì cứ có khách vào là mang ra, khách không ăn lại mang vào,rồi lại mang ra. Cực kì ghét vì không biết dĩa của mình đã đi theo chu kỳ bao nhiêu vòng như vậy, chưa kể lạnh tanh. Sao quán không để vào menu, khách cần thì gọi, 1 dĩa 4 viên 25k. Mì thì ngon ok không vấn đề.( hoành thánh không ngon)
nhưng để so chất lượng với các quán khác thì còn khoảng cách khá lớn. tổng thiệt hại 66k cho 1 tô mì 37k, 1 dĩa điểm tâm 25k, trà đá khăn lạnh 4k.<sep>Quán gần nhà nên đây là chỗ ăn sáng quen thuộc của gia đình. Buổi tối ngán cơm, mình cũng ra đây ăn. Quán hình như bán cả ngày, trừ tối chủ nhật.
Về món ăn thì hương vị khá ổn, cá, tôm rất tươi, nước dùng ngọt thịt, đậm đà mà mì khô cũng ngon nữa.
Thái độ phục vụ tốt, nhanh lẹ, thân thiện. Nhân viên chủ yếu là người nhà, và hình như là sinh viên nên hơi bị thiếu người.<sep>🌸🌸🌸 TIP: trước khi phục vụ mì quán sẽ tự động đưa ra một đĩa há cảo xíu mại. Đĩa này ko phải free đâu nhé :v ăn bao nhiêu tính bấy nhiêu, 5k/viên.

🍜🍜🍜🍜 đồ ăn ngon và chất lượng. Sợi mì mướt, nước ngọt và thịt thà cũng đầy đủ. Điểm trừ nhẹ thôi là hơi ít rau và vỏ xíu mại không được dẻo mà bị bột. Quán không có menu nhé, phục vụ các đồ loại mì cơ bản và cơm tấm. 

🏡🏡🏡🏡 mình tạt vô ăn thử quán này là do thấy không gian sạch sẽ và rộng rãi. Quầy làm đồ trông pro lắm, đâu ra đấy, bạn phục vụ làm nhanh thoăn thoắt. Trên bàn đầy đủ gia vị, thìa đũa. Mỗi tội hôm mình ăn chai nước mắm bên ngoài đầu mỡ, cầm phát kinh.

Nằm gần cầu Him Lam, trên đường từ quận 7 ra quận 8. Đì từ quận 8 sang thì nằm bên tay trái cái chế nhé!

👧🏻👧🏻👧🏻 phục vụ chú tâm, chuyên nghiệp.

💸💸💸💸 giá tiền hợp lý. 35k/bát mì khá to và đầy đặn. Dinsum 5k/ miếng.",6.4,6.3,5.4,5.4,5.3,15.000đ - 30.000đ
Bún Bò Huế & Bò Kho - Võ Văn Vân,_._,"C12/112 Ấp 3,Huyện Bình Chánh,TP. HCM",0,https://www.foody.vn/ho-chi-minh/bun-bo-hue-bo-kho-vo-van-van,no data,no data,no data,no data,no data,no data,no data
Cơm Gà Kiều Nguyệt,_._,"1135 Vĩnh Lộc,Huyện Bình Chánh,TP. HCM",0,https://www.foody.vn/ho-chi-minh/com-ga-kieu-nguyet,no data,no data,no data,no data,no data,no data,no data
Quán Mười Công - Cháo & Gỏi Vịt,_._,"126 Đường Số 7, Xã Bình Hưng,Huyện Bình Chánh,TP. HCM",0,https://www.foody.vn/ho-chi-minh/quan-muoi-cong-chao-goi-vit,no data,no data,no data,no data,no data,no data,no data
Cơm Niêu Sài Gòn Xưa,6.9,"Lô 11B KDC Happy City, Nguyễn Văn Linh, Xã Bình Hưng,Huyện Bình Chánh,TP. HCM",5,https://www.foody.vn/ho-chi-minh/com-nieu-sai-gon-xua,"Hôm nay mình đặt phần cơm gồm cơm trắng, thịt kho tiêu, cải bắp luộc. Nhưng lại giao về mình, cá kho tiêu.. Nếu quán hết thịt kho tiêu thì phản hồi giúp em, chứ đừng tự ý thay thế món khác, như vậy không được hay. Cảm ơn, rất mong quán phục vụ tốt hơn.<sep>Lần đầu ăn thấy được vừa. Mình đặt lần 2 thì thất vọng vô cùng 70k tiền ăn mà như đồ ăn như thế nào đây. Đây là 1 phần ếch và 1 phan cá kho tiêu<sep>- Mình thường xuyên ăn ở đây 😉 , đồ ăn của quán khá ngon 🍤🍗🍟🍔🍜🍝 , giá lại vừa túi tiền , còn những nhân viên ở quán phục vụ rất nhiệt tình ☺, vào cuối tuần quán rất đông và thậm chí không còn chòi để ngồi 😆 , Nếu mọi người chưa biết thì hãy ghé quán ăn thử và cảm nhận vị ngon của quán nhé 😊<sep>Cơm ngon , giá rất vừa túi tiền.<sep>Món ăn ở đây rất phong phú, giá cả lại bình dân. Quán tuy nhỏ nhưng sạch sẽ, bếp nêm nếm khá vừa ăn, không hề ngọt quá hay mặn quá. Đây cũng là 1 địa chỉ mà bạn nào làm văn phòng nên thử ghé ăn vì giá cơm tương đối rẻ, cũng có thể đặt giao đi nếu làm biếng xách xe đi.",7.0,7.0,7.0,6.8,6.8,9.000đ - 45.000đ
Lẩu Dê Chính Hiệu,7.1,"C16 Đường Số 8, Khu Trung Sơn, Bình Hưng,Huyện Bình Chánh,TP. HCM",12,https://www.foody.vn/ho-chi-minh/lau-de-chinh-hieu,"Đây là thịt trong phần lẩu 180k, thịt như ngón tay cái, dĩa này là dĩa để ăn bánh kem á!

Nước lèo nguyên nồi lỏng bỏng chắc 20 người ăn chưa hết và như nước lã không mùi vị. Rau thì kinh dị. Chao thì mặn kè. Sa tế chắc làm sẵn hồi Tết để đến giờ, hôi hăng vô cùng tận. 

Chắc do khuyến mãi! Xin lỗi quán, mình ăn đúng món sai thời điểm.<sep>Hôm qua ngày cuối giảm 40% mình gọi ăn thử . Phần dê xào xả ớt và dê xào sate giá bình thường 70k vậy thì ok . Còn phần dê nướng lớn mình thấy vậy hơi ít , thịt dê nướng hơi khô . Quán nêm nếm ok . Thịt không hôi . Sate cay quá xá , chao hơi mặn phải thêm đường<sep>hôm qua đi ăn với cả nhà bên trung sơn. Đây là nơi mình hay đến ăn nhất. vì có món đậu hủ rất đặc biệt và sụn gà cũng khác hơn chỗ khác. Giá cũng rất bình dân. Quán nằm trong con đường nhỏ. nhưng được cái chủ quán treo bảng hiệu rất to cũng dễ tìm. Mình mãi lo ăn sụn gà mà quên chụp. hihi. Cực ngon luôn. Lúc nhớ thì trên dĩa còn 3 miếng thôi. hihi. Nước lẩu đậm đà lắm. Phục vụ tuy ít nhưng cần là họ đến ngay. Có dịp mình sẽ đến lần nữa.<sep>Hôm nọ lễ 20/10 quán nào ở trung sơn cũng lắc đầu hết bàn, tình cờ mình phát hiện được quán này. Phải nói là phát hiện vì quán hơi khuất, từ lẩu dê 404 ngoài mặt tiền đường quẹo vào mới thấy. Quán có không gian ngoài trời , bạt kéo. Các gia đình nhỏ đến đây ăn cũng nhiều. bàn to inox sạch sẽ rộng rãi.
Món ăn ở đây đúng thịt dê vì có mùi đặc trưng, ko phải hôi quá đâu, chỉ thoang thoảng mùi dê thôi. Gia vị ướp khá ngon.
Mình đã ăn:
+ Nhủ nướng chao
+ Nhũ nướng ngũ vị hương
+ Dê hấp: kết món này nhất. Thịt ngọt.
+ Lẩu dê: nước lèo ngon, có điều thịt toàn xương, mình thấy bàn khác dặn lấy thịt nạc, chắc là được.
+ Dê xào lăn: món này chắc dư đường, hơi ngọt 
Quay lại: chắc chắn.<sep>Lẩu bên đây ăn được nhưng chắc nêm bột ngọt nhiều hay sao mà ăn xong thấy e cả người. Lẩu lớn nhưng thịt không nhiều lắm, rau mì, tàu hủ tính riêng hết. Được cái dê hầm mềm không hôi.
Lo ăn nên không chụp nhiều được hjz.
Không gian rộng rãi thích hợp hợp nhóm, nhân viên nhiệt tình nhanh nhẹn.<sep>Dê ko bị hôi lẩu ngon :)<sep>Vú dê ăn giòn giòn. Ướp vừa ăn, ngon miệng. Ít đậu bắp quá
Cà ri dê hơi nhạt thì phải, đc cái thịt mềm, da ăn ko ngán. Bánh mì hơi ít
Dê xối sả vừa ăn, nhưng ăn ko thì hơi mặn. Rau với sả đc làm giòn lên, nhai vui miệng.
Không gian thoáng mát. Phục vụ tốt.
Chú ý là ở đây giữ xe miễn phí nha<sep>Lần nào qua đây, mình cũng gọi món vú dê nướng đầu tiên. Vú dê dai dai sựt sựt, nướng lên thơm lừng, chấm vào chén chao pha sẳn tương ớt thật ngon bá cháy bọ chét. Mình đến quán khi nào cũng đông khách, nên phục vụ đôi lúc hơi chậm tý xíu. Món thứ 2 ko thể bỏ qua là lẫu dê,nước lẫu bỏ chao hơi nhìu nhưng vẩn ngon. Nồi lẫu thành phần chính là dê và môn. Hôm đó mình có gọi thêm 1 dĩa tàu hủ ki, thả vào luôn trong nồi lẫu, ăn ngon cực. Chừng đó 2 người ăn no căng, 3 người thì lưng lưng bụng, có thể gọi thêm 1 phần cơm chiên hải sản cũng được.<sep>Chưa thấy cái quán nào mà rộng, bàn ghế nhiều mà đa số là bàn inox ghế nhựa thôi, trãi dài, giống như đi đám cưới vậy, đã vậy còn ngồi ngoài trời nữa, còn gì thích hơn. Nằm ở bên khu Trung Sơn, đi khá xa, khu này khá vắng, chạy xe hơi ghê ghê. Vú dê nướng rất ngon, khách tự nướng tại bàn, nướng xong chấm chao ăn liền nóng hổi, rất đã. Thịt dê giòn giòn, một phần cũng khá nhiều. Gía cả phải chăng. Thích hợp cho tiệc gì đó đông người và ăn nâậu ngoài trời .<sep>Tới quán này đc 2 lần rồi. Tới quán lúc chiều chiều nên rất mát mẻ. Do it khách nên gọi thức ăn nhanh. giá cả mềm, món ngon. Nhưng có 1 điều khá thú vị là chị nhân viên quán nói khi tụi này gọi món vú dê nướng. CHị ấy nói ""nói thiệt vs mấy anh chị chú vú dê nướng người ta toàn lấy vú heo không chứ làm j có vú dê."" K bik bà chị đó chém gió hay thiệt nữa. Vãi thiệt ))",7.4,7.4,7.1,6.8,6.6,30.000đ - 110.000đ
Minh Ký Mì Gia - Đường Số 8,_._,"89 Đường Số 8, KDC Trung Sơn, Xã Bình Hưng,Huyện Bình Chánh,TP. HCM",0,https://www.foody.vn/ho-chi-minh/minh-ky-mi-gia-duong-so-8,no data,no data,no data,no data,no data,no data,no data
"Hủ Tíu, Mì, Nui & Bánh Canh",_._,"C7D Phạm Hùng, Xã Bình Hưng,Huyện Bình Chánh,TP. HCM",0,https://www.foody.vn/ho-chi-minh/hu-tiu-mi-nui-banh-canh,no data,no data,no data,no data,no data,no data,no data
Hoà Ký - Mì Vịt Tiềm & Sủi Cảo - Nguyễn Thị Tú,_._,"D1/2b Nguyễn Thị Tú, X.Vĩnh Lộc B,Huyện Bình Chánh,TP. HCM",0,https://www.foody.vn/ho-chi-minh/mi-gia-hoa-ky-3,no data,no data,no data,no data,no data,no data,no data
Quán Ăn Bích Thu - Đường Liên Ấp,_._,"B5/120/5 Đường Liên Ấp 2-3, Xã Đa Phước,Huyện Bình Chánh,TP. HCM",0,https://www.foody.vn/ho-chi-minh/quan-an-bich-thu-duong-lien-ap,no data,no data,no data,no data,no data,no data,no data
Điểm Tâm Sáng & Cơm Trưa Bình Dân,_._,"47 Đường Số 6, Xã Bình Hưng,Huyện Bình Chánh,TP. HCM",0,https://www.foody.vn/ho-chi-minh/diem-tam-sang-com-trua-binh-dan,no data,no data,no data,no data,no data,no data,no data
Mizu Coffee & Food,_._,"Shop House B-06 Mizuki Park, Xã Bình Hưng,Huyện Bình Chánh,TP. HCM",0,https://www.foody.vn/ho-chi-minh/mizu-coffee-food,no data,no data,no data,no data,no data,no data,no data
Mizu Coffee & Food,_._,"Shop House B-06 Mizuki Park, Xã Bình Hưng,Huyện Bình Chánh,TP. HCM",0,https://www.foody.vn/ho-chi-minh/mizu-coffee-food,no data,no data,no data,no data,no data,no data,no data
Cơm Gà Xối Mỡ Trang,_._,"C16/6 Ấp 4B, Xã Bình Hưng,Huyện Bình Chánh,TP. HCM",0,https://www.foody.vn/ho-chi-minh/com-ga-xoi-mo-trang,no data,no data,no data,no data,no data,no data,no data
Hồng Phát - Bánh Mì & Ăn Vặt,_._,"A13/1A Quốc Lộ 50, X. Bình Hưng,Huyện Bình Chánh,TP. HCM",0,https://www.foody.vn/ho-chi-minh/hong-phat-banh-mi-an-vat,no data,no data,no data,no data,no data,no data,no data
Vườn Xanh - Rau Củ Quả - Phạm Hùng,_._,"C1/16 Phạm Hùng, P. Bình Hưng,Huyện Bình Chánh,TP. HCM",0,https://www.foody.vn/ho-chi-minh/vuon-xanh-rau-cu-qua-pham-hung,no data,no data,no data,no data,no data,no data,no data
Hồng Ký Mì Gia - Mì Vịt Tiềm - Quốc Lộ 1A,_._,"B4/17A Quốc Lộ 1A, X. Tân Kiên,Huyện Bình Chánh,TP. HCM",0,https://www.foody.vn/ho-chi-minh/hong-ky-mi-gia-mi-vit-tiem-quoc-lo-1a,no data,no data,no data,no data,no data,no data,no data
Quán Cơm Đức Chí - Cơm Sườn Cọng Nướng - Võ Văn Vân,_._,"4D/27F/3F Võ Văn Vân, X. Vĩnh Lộc B,Huyện Bình Chánh,TP. HCM",0,https://www.foody.vn/ho-chi-minh/quan-com-duc-chi-com-suon-cong-nuong-vo-van-van.tv0yvt,no data,no data,no data,no data,no data,no data,no data
Quán Cơm Chay Thanh Tịnh - Cơm - Nguyễn Văn Linh,_._,"C13/A12 Nguyễn Văn Linh, X. Bình Hưng,Huyện Bình Chánh,TP. HCM",0,https://www.foody.vn/ho-chi-minh/quan-com-chay-thanh-tinh-com-nguyen-van-linh.tmtigp,no data,no data,no data,no data,no data,no data,no data
Thiện Ký - Hủ Tíu Mì Hoành Thánh,_._,"A1/17 Quốc Lộ 50, Xã Bình Hưng,Huyện Bình Chánh,TP. HCM",0,https://www.foody.vn/ho-chi-minh/thien-ky-hu-tiu-mi-hoanh-thanh,no data,no data,no data,no data,no data,no data,no data
Chảo - Coffee & Tea,_._,"C10/76 Lại Hùng Cường, Xã Vĩnh Lộc B,Huyện Bình Chánh,TP. HCM",0,https://www.foody.vn/ho-chi-minh/chao-coffee-tea,no data,no data,no data,no data,no data,no data,no data
Ba Duy - Phở & Bún Bò Huế,_._,"E12/V3 Quách Điêu, Xã Vĩnh Lộc A,Huyện Bình Chánh,TP. HCM",0,https://www.foody.vn/ho-chi-minh/ba-duy-pho-bun-bo-hue,no data,no data,no data,no data,no data,no data,no data
Bún Bò Cẩm Tú,_._,"D20/17 Ấp 4,Huyện Bình Chánh,TP. HCM",0,https://www.foody.vn/ho-chi-minh/bun-bo-cam-tu,no data,no data,no data,no data,no data,no data,no data
Quán Ăn Khang Ký - Quách Điêu,_._,"F12/2 Quách Điêu,Huyện Bình Chánh,TP. HCM",0,https://www.foody.vn/ho-chi-minh/quan-an-khang-ky-quach-dieu,no data,no data,no data,no data,no data,no data,no data
Gia Phát - Cơm Chiên Gà Xối Mỡ,_._,"C6A/31 Võ Văn Vân, Ấp 3A, X. Vĩnh Lộc B,Huyện Bình Chánh,TP. HCM",0,https://www.foody.vn/ho-chi-minh/gia-phat-com-chien-ga-xoi-mo,no data,no data,no data,no data,no data,no data,no data
Lẩu Dê 404 - Đường số 9,6.6,"110A Đường Số 9A, Khu Dân Cư Trung Sơn, P. Bình Hưng,Huyện Bình Chánh,TP. HCM",39,https://www.foody.vn/ho-chi-minh/quan-404-duong-so-9,"Tóm tắt quán quá tệ đồ ăn kêu tụi nhân viên coi như ăn xin kêu ko đứa nào ngó giống đang xin ăn mà bị làm lơ
Kêu rồi lên dc cái lò xog ko lên đồ đợi wai
Kêu thi nhân viên đang tụm lại nchuyen góc kia... Hỏi ai trực bàn này thì chỉ qua kia nói pé kia ko phải e... Rồi lại ngồi đợi tiếp... Good bye 404 bad<sep>Hứa k quay lại, kêu có 2 món mà đợi gần tiếng đồng hồ<sep>🐐Quán nằm trên đường số 9A khu dân cư Trung Sơn, khu này toàn quán nhậu và lẩu nên rất nhộn nhịp
🐐Không gian chủ yếu là sân vườn, ngoài trời, sài quạt , nhiều bàn ghế. Rộng rãi lắm. 
🐐Phục vụ: Hơi chậm vì quán quá đông luôn, chạy ko kịp làm phải ngồi chờ rất lâu. Và nhắc hoài mới được. Khi bạn đến quán thì đưa xe cho nhân viên chạy lên tầng và để ở đó. Có 1 cái gác để chứa rất nhiều xe. Lúc về được lấy xe lại và dắt tận nơi
🐐Các món ăn giá cũng hơi cao. Mùi vị ổn, k gọi là xuất sắc nhưng ok ☺️
- Trứng cút lộn đc đem ra đầu tiên khi chờ món
- Nghêu hấp thái: chua chua cay cay, vừa ăn, ok
- Vu heo nướng cũng chín tới và ướp cũng vừa ăn
- Lẩu thái chua cay: Nước lẩu cũng ok, ko ngon lắm. Rau nhiều và hải sản cũng nhiều, ăn cũng ổn
- Mực chiên nước mắm, vừa ăn, ko mặn lắm. Mùi vị cũng bình thường
🌟Nói chung quán bán đồ ăn ổn, chưa gọi là xuất sắc nhưng cũng ăn được gia đình và tụ họp bạn bè 😃<sep>Hôm qua ghé quán ăn kêu 2 lẩu , 2 dê nướng chờ hơn 30p mang ra dc 1 cái , chờ thên 30 phút hơn mang ra dc thêm 1 cái gần 1 tiếng chờ đợi cho 2 cái lẩu .  Thêm 30 phút cho 2 dê nướng.
Chất lượng món ăn quá tệ lẩu dê thì đen và hôi tới óc - - , thit nướng thì đen khét và kg mang rau kèm cho khách ăn gần xong thì mới thấy xuất hiên 2 dĩa rau tía tô , góp ý với nhân viên thì được trả lời “dê thì phải hôi” với thái độ kinh khách như “quán tao đong khách ăn dc thì ăn kg dc thì đi chỗ khác giùm “ .mất gần 1tr cho bữa ăn và thêm cục tức . Không bao giờ ghé lại quán.<sep>Hôm nay đi làm cuối tháng các ae đồng nghiệp rủ nên mn đi làm 1 bữa cải thiện🤣
Quán lẩu dê 404 trong khu dân cư cx khá đông khách. Không gian rộng thoáng đãng, sạch sẽ.
Mk đi 4 ng và có gọi set lẩu cx 1 vài món ăn kèm. Đồ nhúng tươi, mà thịt dê ăn ko có gây gây đâu, thịt mềm. Nước lẩu đậm đà vừa miệng.
Giá cả thì bình dân , chỉ tầm 150k 1 người thôi nha quá hợp lý xòn gì.
Các bạn nhân vieen nhiệt tình nhanh nhẹn ạ<sep>Thèm cá tai tượng chiên xù, nên vô đây ăn chứ k có ăn dê. Quán chuyên dê nhưng món khác cũng ok k kém. Gọi thêm dĩa mực nướng sa tế. Cay kinh khủng nhưng mực tươi và ngọt. Nói chung ổn, giá bình dân. Sẽ quay lại nếu sau tết k lên giá và chất lượng vẫn vậy :))<sep>Khi vào quán và ra về sẽ có bảo vệ dắt xe giúp mình, mình chỉ việc đứng đợi lấy thẻ với trả thẻ thui.
Nói là quán lẩu dê nhưng mọi người đừng nghĩ chỉ có dê ko nha, quán có đủ món hết í, lý tưởng để tụ tập đồng bọn ăn uống no say.
Ngoài lẩu dê rất ngon ở đây thì lẩu thái cũng đậm đà ko kém, mà cay lắm so với những lẩu thái chỗ khác mình ăn.
Mấy món ăn “bắt mồi” khác ngoài dê các món thì còn có đậu hủ trứng chiên giòn, với nấm bọc giấy bạc, mọi ng nên thử.<sep>Đồ ăn ok, lên hơi lâu, kêu tính tiền càng lâu hơn
Lẩu ớt hiểm mà không thấy cay lắm
Dù giá trên menu không đắt nhưng cẩn thận bill hay tính cộng mấy thứ lặt vặt vô overcharge đấy 
Ít phục vụ nên 1 lần kêu réo hơi mệt. Giữ xe có phí
Không gian rộng rãi, tương đối sạch<sep>Thất vọng với một quản lý ở đây. Hôm qua ghé quán ăn dê và làm vài lon bia, không biết đợt bia Tiger  bị gì mà uống vào đắng đắng, chua chua nên gọi một em phục vụ đến cho nếm thử và em nó cũng thấy bia hư và đổi cho mình bia khác. Thế nào mà lúc tính tiền quản lí tính luôn những lon bia hư và đổ cho nhân viên bên đó không biết uống bia. Tóm lại thất vọng bên 404 Trung Sơn.<sep>Món cá tai tượng sốt chua ngọt siêu ngon, lần nào đến quán mình cũng gọi. Lớp bột giòn, sốt ngon, cá to. 
Giá cả hợp lí cho ăn uống với gia đình, bạn bè",6.9,6.8,6.6,6.4,6.3,50.000đ - 220.000đ
Inno Kafe,7.8,"45 Đường Số 3, KDC Trung Sơn,Huyện Bình Chánh,TP. HCM",2,https://www.foody.vn/ho-chi-minh/inno-kafe,"Chất lượng cafe ko được tốt lắm, ghế bố trí khá chật chội. Wifi chập chờn, mình đến để làm việc mà khá thất vọng về wifi ở đây. Chưa thử đồ ăn, được cái là ở đây ít khách nên rất yên tĩnh :)<sep>Thức uốn ngon. Có cả đồ ăn để mọi người ăn khi làm việc học tập mệt mỗi đối bụng.
Không gian thoải mái có khu vực máy lạnh và bênh ngoài có cây xanh rất thoán mát.
Phục phụ tận tịnh vui vẽ.
Có wifi mạnh thích hợp làm việc và học tập. Trong khu dân cư nên cũng khá yên tĩnh. Có cả khu vực không hút thuốc
Được bạn mời nên không biết giá cả sao",8.0,8.0,8.0,8.0,7.0,18.000đ - 40.000đ
Hủ Tíu Sa Đéc,7.0,"C3/3 Phạm Hùng, Xã Bình Hưng,Huyện Bình Chánh,TP. HCM",1,https://www.foody.vn/ho-chi-minh/hu-tiu-sa-dec,"Hôm đó tới ăn hơi trễ, tầm 10 giờ mấy khuya nên còn có thịt xương không à. Thế là đành ăn tô hủ tiếu xương thay vì tính gọi hủ tiếu thập cẩm.
Quán vỉa hè nhưng có bàn ghế ngồi ăn đàng hoàng, chỉ có cái hơi tối thôi. Tới đèn xanh đèn đỏ chỗ đường số 5 – Phạm Hùng chạy tới chút xíu nữa về hướng Nguyễn Văn Linh, nhìn bên tay phải là thấy cái xe hủ tiếu này liền. Cô bán vui vẻ, món ăn ra nhanh.
Một tô như trong hình là 20k, giá khá rẻ. Cọng hủ tiếu dai dai, nước lèo nêm nếm vừa miệng. Cục thịt xương bao bự luôn, rau cải ăn thêm cũng nhiều.
Nói chung ăn cũng được, giá rẻ. Giờ bán tầm chiều 5g tới tối cỡ 10g30 hết là cô dọn hàng luôn.",8.0,7.0,7.0,7.0,6.0,20.000đ - 25.000đ
MTP Coffee & Lounge,7.6,"146 Đường Số 1,Huyện Bình Chánh,TP. HCM",4,https://www.foody.vn/ho-chi-minh/mtp-coffee-lounge,"Rất thích hợp cho hội tụ bạn bè lẫn làm việc, học tập !! Nhạc nhẹ hay và quang cảnh nhìn ra sông rất thoải mái 👍👍👍<sep>Gần công ty nên sáng ra nhâm nhi ly nước, ngắm cảnh sông rất thú vị, quán đông, ko có khu vực riêng cho khách ko hút thuốc nên hơi khó chịu khi mình bi vây quanh toàn những người hút thuốc.  Thức ăn sáng thấy menu ghi nhiều nhưng chỉ có vài món mỗi ngày, mình chọn ăn hủ tiếu nam vang, tô nhiều, chất lượng ổn.  Nước uống thì mình thử uống chanh đá xay, ngon nha, kiểu như nước chanh nhưng đá xay nhuyễn, uống thú vị hơn nhiều.  Ko gian quán ok, trang trí hiện đại, có tivi to lắm chiếu phim hollywood.  Phục vụ thì cứ từ từ chậm rãi cho dù khách đông, nhóm mình cũng ngồi đợi cả bao lâu cũng chưa được order nữa.<sep>It looks quite new. Nice decor. Smoking is allowed downstairs and upstairs. Music is a bit loud for me. I would prefer no smoking upstairs. Free parking for motorbikes. Limited drinks on the menu. A wider variety of drinks and food would be good.<sep>Tuyệt vời, nhất là món Bò Bittet, Bò Lúc lắc, Mì Ý",8.0,8.0,7.8,7.3,7.0,20.000đ - 100.000đ
Cơm Gà Xối Mỡ Ánh Vy - Trung Sơn,7.8,"309 Đường Số 9A, KDC Trung Sơn, Xã Bình Hưng,Huyện Bình Chánh,TP. HCM",3,https://www.foody.vn/ho-chi-minh/com-ga-anh-vy,"cơm ngon, gà tạm ổn hơi khô, phục vụ thì ok, không gian quán mát mẻ, giá đùi lớn 40k<sep>🎉 Cơm gà: cơm chiên ở đây mềm tơi xốp nhiều trứng, không hề bị khô, cứng như ở các quán cơm gà da giòn khác, gà chiên cũng không hề bị khô luôn. Cơm có thêm 1 chén canh súp ăn kèm nữa 
🎉 Bún gạo xào: lâu lâu ngán cơm thì đổi qua bún xào cũng okie nè. Phần xào thập cẩm có đầy đủ tôm mực heo bò, trứng cút, bì. Món này ngon và vừa ăn lắm rồi nhé 😘 đừng xịt thêm nước tương là bị mặn lắm luôn.<sep>Đồ ăn ngon, nóng hổi vì khi kêu mới bắt đầu làm. 
Giá rẻ <3 
Mình ăn hủ tiếu xào thập cẩm okie lắm 
Mấy đứa bạn ăn cơm gà xối mỡ và cơm bò cũng kêu ngon
Quán sạch sẽ thoáng mát lắm
Nằm ngay cạnh cây xăng dễ tìm",8.0,8.0,7.7,7.7,7.7,25.000đ - 45.000đ
Quán Ăn Khánh Hiền,_._,"C9/3 Phạm Hùng, Xã Bình Hưng,Huyện Bình Chánh,TP. HCM",0,https://www.foody.vn/ho-chi-minh/quan-an-khanh-hien,no data,no data,no data,no data,no data,no data,no data
Bún Chả Cá Nha Trang Biển Nhớ,_._,"A10/27Y Đường Số 1, KDC Bình Hưng, Xã Bình Hưng,Huyện Bình Chánh,TP. HCM",0,https://www.foody.vn/ho-chi-minh/bun-cha-ca-nha-trang-bien-nho,no data,no data,no data,no data,no data,no data,no data
Kiến Lâm - Mì Gia - An Phú Tây,_._,"112 An Phú Tây, Xã An Phú Tây,Huyện Bình Chánh,TP. HCM",0,https://www.foody.vn/ho-chi-minh/kien-lam-mi-gia-an-phu-tay,no data,no data,no data,no data,no data,no data,no data
"Bếp 127 - Cơm Chiên, Phở & Bún Bò",_._,"127 Đường Số 9, KDC Trung Sơn, Xã Bình Hưng,Huyện Bình Chánh,TP. HCM",0,https://www.foody.vn/ho-chi-minh/bep-127-com-chien-pho-bun-bo,no data,no data,no data,no data,no data,no data,no data
Cơm Gà Xối Mỡ Vi Anh - Đường Số 10,10.0,"2E Đường Số 10,Huyện Bình Chánh,TP. HCM",1,https://www.foody.vn/ho-chi-minh/com-ga-xoi-mo-vi-anh-duong-so-10,"Nước chấm ở đây ngon xĩu
Mình mê nhất cơm gà ở đây
Không gian thoáng mát",10.0,10.0,10.0,10.0,10.0,30.000đ - 30.000đ
Cơm Chay Thanh Tịnh - Nguyễn Văn Linh,_._,"C13 Nguyễn Văn Linh, Bình Hưng,Huyện Bình Chánh,TP. HCM",0,https://www.foody.vn/ho-chi-minh/com-chay-thanh-tinh-nguyen-van-linh,no data,no data,no data,no data,no data,no data,no data
Mì Vịt Tiềm Song Phương - Võ Văn Vân,_._,"B8/5 Ấp 2 Võ Văn Vân, X. Vĩnh Lộc B,Huyện Bình Chánh,TP. HCM",0,https://www.foody.vn/ho-chi-minh/mi-vit-tiem-song-phuong-vo-van-van,no data,no data,no data,no data,no data,no data,no data
Cơm Chay Diệu Hạnh - Nguyễn Thị Tú,_._,"D3/14 Nguyễn Thị Tú, X. Vĩnh Lộc B,Huyện Bình Chánh,TP. HCM",0,https://www.foody.vn/ho-chi-minh/com-chay-dieu-hanh-nguyen-thi-tu,no data,no data,no data,no data,no data,no data,no data
"Minh Ngọc Quán - Bún Mọc, Bò Kho & Hoành Thánh",_._,"SH4/D03 Chung Cư Hoàng Quân HQ3, Nguyễn Văn Linh,Huyện Bình Chánh,TP. HCM",0,https://www.foody.vn/ho-chi-minh/minh-ngoc-quan-bun-moc-bo-kho-hoanh-thanh,no data,no data,no data,no data,no data,no data,no data
Quán Ăn Gia Đình Thanh Thúy,_._,"C10/21 Đinh Đức Thiện, Ấp 3, X. Bình Chánh,Huyện Bình Chánh,TP. HCM",0,https://www.foody.vn/ho-chi-minh/quan-an-gia-dinh-thanh-thuy,no data,no data,no data,no data,no data,no data,no data
Hủ Tíu Nam Vang Ngon,7.2,"C3/16 Phạm Hùng, P. Bình Hưng,Huyện Bình Chánh,TP. HCM",1,https://www.foody.vn/ho-chi-minh/hu-tiu-nam-vang-ngon,"Quán để là chi nhánh 2 mà mình cũng ko biết chi nhánh 1 nằm ở đâu. Hủ tíu thường giá 30k, tô đầy đủ có xương thì 40k. Hủ tíu cũng ngon, nước lèo ngọt thanh, rau xanh tươi và nhiều. Khăn lạnh miễn phí. Xương ở quán hầm mềm dễ ăn lắm nhưng rất tiếc là sườn già nên mình ko thích bằng hủ tíu ba đô, mà ba đô cũng rẻ hơn, tô thập cẩm 35k. Ở đây được cái rộng rãi, có cải cúc ăn kèm nữa. Quán cũng ko quá đông và bán sáng tới tối luôn.",8.0,7.0,7.0,7.0,7.0,30.000đ - 40.000đ
An Nhiên - Cafe & Điểm Tâm - Đường Số 9A,2.4,"85 Đường Số 9A, KDC Trung Sơn, Xã Bình Hưng,Huyện Bình Chánh,TP. HCM",1,https://www.foody.vn/ho-chi-minh/an-nhien-cafe-diem-tam-duong-so-9a,Chưa bao giờ ăn được tô mỳ quảng dở ẹc đến thế 😭,5.0,4.0,1.0,1.0,1.0,23.000đ - 47.000đ
Quán Ăn Ý Bảo Ngọc,_._,"Đường Hưng Nhơn (Ngay Cầu Hưng Nhơn), X. Tân Kiên,Huyện Bình Chánh,TP. HCM",0,https://www.foody.vn/ho-chi-minh/quan-an-y-bao-ngoc,no data,no data,no data,no data,no data,no data,no data
Quán Phở Gia Đình - Quách Điêu,_._,"D1/8 Quách Điêu, X. Vĩnh Lộc,Huyện Bình Chánh,TP. HCM",0,https://www.foody.vn/ho-chi-minh/quan-pho-gia-dinh-quach-dieu,no data,no data,no data,no data,no data,no data,no data
Bún Cá Bánh Canh Châu Đốc Vân - Bún Cá - Đường Số 1,_._,"147 Đường Số 1, KDC Bình Hưng,Huyện Bình Chánh,TP. HCM",0,https://www.foody.vn/ho-chi-minh/bun-ca-banh-canh-chau-doc-van-bun-ca-duong-so-1,no data,no data,no data,no data,no data,no data,no data
Phát Ký - Cơm & Nui Xào,_._,"K35/35ia2 Nguyễn Văn Linh, X. Bình Hưng,Huyện Bình Chánh,TP. HCM",0,https://www.foody.vn/ho-chi-minh/phat-ky-com-nui-xao.ypq4hh,no data,no data,no data,no data,no data,no data,no data
Cà Lăm - Lẩu Dê Tươi - Rạch Bà Lớn,_._,"15 Rạch Bà Lớn, Xã Bình Hưng,Huyện Bình Chánh,TP. HCM",0,https://www.foody.vn/ho-chi-minh/ca-lam-lau-de-tuoi-rach-ba-lon.2gawqg,no data,no data,no data,no data,no data,no data,no data
CƠM GÀ PHONG KÝ 2 - Cơm Gà Ngon Bình Chánh - Đoàn Nguyễn Tuấn,_._,"A1/17  Đoàn Nguyễn Tuấn, P. Tân Quý Tây,Huyện Bình Chánh,TP. HCM",0,https://www.foody.vn/ho-chi-minh/com-ga-phong-ky-2-com-ga-ngon-binh-chanh-doan-nguyen-tuan.hkfgjt,no data,no data,no data,no data,no data,no data,no data
