Tên quán,Điểm đánh giá,Địa chỉ quán,Số người review,Link,Bình Luận,Địa chỉ,Chất lượng,Không gian,Phục vụ,Gía cả,Mức giá
"Phở, Bún Bắp Bò & Miến Gà",_._,"A3/14T Võ Văn Vân,Huyện Bình Chánh,TP. HCM",0,https://www.foody.vn/ho-chi-minh/pho-bun-bap-bo-mien-ga,no data,no data,no data,no data,no data,no data,no data
Quán 779 - Cơm Gà & Miến Gà,_._,"E6/11 Thới Hòa,Huyện Bình Chánh,TP. HCM",0,https://www.foody.vn/ho-chi-minh/quan-779-com-ga-mien-ga,no data,no data,no data,no data,no data,no data,no data
Bánh Xèo Miền Trung,6.8,"C4/9P Phạm Hùng, Xã Bình Hưng,Huyện Bình Chánh,TP. HCM",1,https://www.foody.vn/ho-chi-minh/banh-xeo-mien-trung-pham-hung,"Từ hướng cầu Chánh Hưng chạy xuống thì chỗ này nằm bên tay phải, qua khỏi Satra Phạm Hùng tí xíu, cái bản hiệu có đèn sáng nên cũng dễ nhận ra, C4/9P là ngay tiệm Hải Huy á. Mình thấy ngồi tại chỗ có cỡ 2-3 bộ bàn ghế nhựa thôi với lại ngồi cũng hơi chật chội nên mình mua mang về luôn. Giá cả rất bình dân nên chất lượng không cao lắm. Bánh giòn rụm luôn, ăn rất thích, mà nhân bên trong hơi bị chán, chỉ có miếng thịt nhỏ xíu và 1 con tép nhỏ, giá cũng rải rác vài cọng. Rau cho về rất nhiều, có cả bánh tráng nữa, nước mắm thì pha chế không ngon. Chỗ này nhiều lò nên bánh làm ra rất nhanh, hơn nữa mình thấy cũng có vài cái đã làm sẵn từ trước nên tới mua có liền luôn.",8.0,7.0,7.0,6.0,6.0,6.000đ - 10.000đ
"Cơm, Cháo & Miến Gà Ta - Phạm Hùng",_._,"C3/4 Phạm Hùng,Huyện Bình Chánh,TP. HCM",0,https://www.foody.vn/ho-chi-minh/com-chao-mien-ga-ta-pham-hung,no data,no data,no data,no data,no data,no data,no data
Làng Nướng Miền Tây - Quốc Lộ 50,8.8,"A11/13A Quốc Lộ 50, Xã Bình Hưng,Huyện Bình Chánh,TP. HCM",2,https://www.foody.vn/ho-chi-minh/lang-nuong-mien-tay-quoc-lo-50,"Quán ăn ngon, thích nhất là ếch ủ rơm, ếch chiên nướng mắm, cơm cháy và rau kho quẹt nơi đây<sep>Bữa đi với gia đình ăn quán này khá thích. Không gian siêu rộng luôn, Nhà mình đi khoảng tầm 10 mấy 20 nguoi lận nên ngồi không gian bên ngoài rất thoáng mát. Nhân viên vui vẻ nhiệt tình, món ăn cũng khá ngon và chất lượng. Mình thích nhất món sò huyết sốt mù tạt, sò huyết tuoi Với sốt mù tạt cay nồng bá cháy.
Ngoài ra món lưỡi vịt tam vị cũng rất ngon,Luoi vit được ném ném vừa phải.Mấy món mì hoặc cơm cũng chất lượng, ngoài ra các món nướng đồ quán ướp rất vừa miệng.",9.0,9.0,9.0,9.0,8.0,15.000đ - 350.000đ
Bánh Xèo & Bánh Khọt - Chú Tám Miền Tây,9.2,"31 Đường Số 10, Xã Phong Phú,Huyện Bình Chánh,TP. HCM",1,https://www.foody.vn/ho-chi-minh/banh-xeo-banh-khot-chu-tam-mien-tay,"Bún nước lèo ở đây ăn cũng ngon, nhiều thị, nhiều bún, tô này mình ăn 40k tại quán. Không gian quán cũng hơi nhỏ, nhưng không bị nóng. 
Hai cô chú rất là nhiệt tình và thân thiện.",10.0,10.0,10.0,8.0,8.0,40.000đ - 60.000đ
Gà Ta Miền Trung - Võ Văn Vân,_._,"D10/25 Võ Văn Vân, Ấp 4, Tổ 10, X. Vĩnh Lộc B,Huyện Bình Chánh,TP. HCM",0,https://www.foody.vn/ho-chi-minh/ga-ta-mien-trung-vo-van-van,no data,no data,no data,no data,no data,no data,no data
Mì Quảng Chính Hiệu Miền Trung,_._,"C1/5A1 Quách Điêu, Xã Vĩnh Lộc A,Huyện Bình Chánh,TP. HCM",0,https://www.foody.vn/ho-chi-minh/mi-quang-chinh-hieu-mien-trung,no data,no data,no data,no data,no data,no data,no data
Miền Trung Quán - Quốc Lộ 50,_._,"A8/08A Quốc Lộ 50, Ấp 2, X. Bình Hưng,Huyện Bình Chánh,TP. HCM",0,https://www.foody.vn/ho-chi-minh/mien-trung-quan-quoc-lo-50,no data,no data,no data,no data,no data,no data,no data
Miền Trung Quán - Bún Chả Cá Nha Trang,_._,"355 Phạm Hùng, X. Bình Hưng,Huyện Bình Chánh,TP. HCM",0,https://www.foody.vn/ho-chi-minh/mien-trung-quan-bun-cha-ca-nha-trang,no data,no data,no data,no data,no data,no data,no data
Mì Quảng Quỳnh Trinh,_._,"E9/17 Thới Hoà, X. Vĩnh Lộc A,Huyện Bình Chánh,TP. HCM",0,https://www.foody.vn/ho-chi-minh/mi-quang-quynh-trinh,no data,no data,no data,no data,no data,no data,no data
Coffee Delta - Bánh Mì Miền Trung - Đường 6A,_._,"B11A/39M Ấp 2B Đường 6A, X. Vĩnh Lộc B,Huyện Bình Chánh,TP. HCM",0,https://www.foody.vn/ho-chi-minh/coffee-delta-banh-mi-mien-trung-duong-6a,no data,no data,no data,no data,no data,no data,no data
Cherry Shop - Món Ăn Miền Quê - 6B Phạm Hùng,_._,"6B Phạm Hùng, Xã Bình Hưng,Huyện Bình Chánh,TP. HCM",0,https://www.foody.vn/ho-chi-minh/cherry-shop-mon-an-mien-que-6b-pham-hung.ixddgb,no data,no data,no data,no data,no data,no data,no data
Cháo Lòng Cô Ba - Cháo Lòng Miền Tây - Quốc Lộ 50,_._,"A22/2 Ấp 1, Quốc Lộ 50, X. Bình Hưng,Huyện Bình Chánh,TP. HCM",0,https://www.foody.vn/ho-chi-minh/chao-long-co-ba-chao-long-mien-tay-quoc-lo-50,no data,no data,no data,no data,no data,no data,no data
Bún Mắm - Phạm Hùng,_._,"C6/27 Phạm Hùng, Xã Bình Hưng,Huyện Bình Chánh,TP. HCM",0,https://www.foody.vn/ho-chi-minh/bun-mam-pham-hung,no data,no data,no data,no data,no data,no data,no data
Phở Nam Định - Quách Điêu,_._,"F12/18H Quách Điêu,Huyện Bình Chánh,TP. HCM",0,https://www.foody.vn/ho-chi-minh/pho-nam-dinh-quach-dieu,no data,no data,no data,no data,no data,no data,no data
Phở Lâm - Đường Số 20,_._,"43 Đường Số 20, KDC Him Lam, Xã Bình Hưng,Huyện Bình Chánh,TP. HCM",0,https://www.foody.vn/ho-chi-minh/pho-lam-duong-so-20,no data,no data,no data,no data,no data,no data,no data
Tiến Hưng - Phở & Bún Bò,_._,"1556 Vĩnh Lộc,Huyện Bình Chánh,TP. HCM",0,https://www.foody.vn/ho-chi-minh/tien-hung-pho-bun-bo,no data,no data,no data,no data,no data,no data,no data
Hồng Vân - Cháo Gà & Vịt,_._,"C8/5 Võ Văn Vân, Ấp 3, Tổ 12, Xã Vĩnh Lộc B,Huyện Bình Chánh,TP. HCM",0,https://www.foody.vn/ho-chi-minh/hong-van-chao-ga-vit,no data,no data,no data,no data,no data,no data,no data
Bánh Cuốn Ngon - Đường Số 5,7.1,"81 Đường Số 5,Huyện Bình Chánh,TP. HCM",2,https://www.foody.vn/ho-chi-minh/banh-cuon-ngon-duong-so-5,"Bánh cuốn ở đây dai, ngon, chua nhẹ mùi gạo ngâm đúng vị Bắc mà mình đã ăn. Đĩa bánh ở đây được chủ quán chăm chút lắm nhé, nhìn hình là thấy hen! 😂
Quán dễ tìm, ngay ngã tư đường số 8 cắt đường số 5, chủ quán tự thiết kế xe tráng bánh màu xanh ""thân thiện"" như chủ quán vậy.
Rất đáng để thử.<sep>Bánh mềm nhân ngon chỗ ngồi thoáng mát sạch sẽ rất ok",7.5,7.0,7.0,7.0,7.0,10.000đ - 20.000đ
Lẩu Dê 404 - Đường số 9,6.6,"110A Đường Số 9A, Khu Dân Cư Trung Sơn, P. Bình Hưng,Huyện Bình Chánh,TP. HCM",39,https://www.foody.vn/ho-chi-minh/quan-404-duong-so-9,"Tóm tắt quán quá tệ đồ ăn kêu tụi nhân viên coi như ăn xin kêu ko đứa nào ngó giống đang xin ăn mà bị làm lơ
Kêu rồi lên dc cái lò xog ko lên đồ đợi wai
Kêu thi nhân viên đang tụm lại nchuyen góc kia... Hỏi ai trực bàn này thì chỉ qua kia nói pé kia ko phải e... Rồi lại ngồi đợi tiếp... Good bye 404 bad<sep>Hứa k quay lại, kêu có 2 món mà đợi gần tiếng đồng hồ<sep>🐐Quán nằm trên đường số 9A khu dân cư Trung Sơn, khu này toàn quán nhậu và lẩu nên rất nhộn nhịp
🐐Không gian chủ yếu là sân vườn, ngoài trời, sài quạt , nhiều bàn ghế. Rộng rãi lắm. 
🐐Phục vụ: Hơi chậm vì quán quá đông luôn, chạy ko kịp làm phải ngồi chờ rất lâu. Và nhắc hoài mới được. Khi bạn đến quán thì đưa xe cho nhân viên chạy lên tầng và để ở đó. Có 1 cái gác để chứa rất nhiều xe. Lúc về được lấy xe lại và dắt tận nơi
🐐Các món ăn giá cũng hơi cao. Mùi vị ổn, k gọi là xuất sắc nhưng ok ☺️
- Trứng cút lộn đc đem ra đầu tiên khi chờ món
- Nghêu hấp thái: chua chua cay cay, vừa ăn, ok
- Vu heo nướng cũng chín tới và ướp cũng vừa ăn
- Lẩu thái chua cay: Nước lẩu cũng ok, ko ngon lắm. Rau nhiều và hải sản cũng nhiều, ăn cũng ổn
- Mực chiên nước mắm, vừa ăn, ko mặn lắm. Mùi vị cũng bình thường
🌟Nói chung quán bán đồ ăn ổn, chưa gọi là xuất sắc nhưng cũng ăn được gia đình và tụ họp bạn bè 😃<sep>Hôm qua ghé quán ăn kêu 2 lẩu , 2 dê nướng chờ hơn 30p mang ra dc 1 cái , chờ thên 30 phút hơn mang ra dc thêm 1 cái gần 1 tiếng chờ đợi cho 2 cái lẩu .  Thêm 30 phút cho 2 dê nướng.
Chất lượng món ăn quá tệ lẩu dê thì đen và hôi tới óc - - , thit nướng thì đen khét và kg mang rau kèm cho khách ăn gần xong thì mới thấy xuất hiên 2 dĩa rau tía tô , góp ý với nhân viên thì được trả lời “dê thì phải hôi” với thái độ kinh khách như “quán tao đong khách ăn dc thì ăn kg dc thì đi chỗ khác giùm “ .mất gần 1tr cho bữa ăn và thêm cục tức . Không bao giờ ghé lại quán.<sep>Hôm nay đi làm cuối tháng các ae đồng nghiệp rủ nên mn đi làm 1 bữa cải thiện🤣
Quán lẩu dê 404 trong khu dân cư cx khá đông khách. Không gian rộng thoáng đãng, sạch sẽ.
Mk đi 4 ng và có gọi set lẩu cx 1 vài món ăn kèm. Đồ nhúng tươi, mà thịt dê ăn ko có gây gây đâu, thịt mềm. Nước lẩu đậm đà vừa miệng.
Giá cả thì bình dân , chỉ tầm 150k 1 người thôi nha quá hợp lý xòn gì.
Các bạn nhân vieen nhiệt tình nhanh nhẹn ạ<sep>Thèm cá tai tượng chiên xù, nên vô đây ăn chứ k có ăn dê. Quán chuyên dê nhưng món khác cũng ok k kém. Gọi thêm dĩa mực nướng sa tế. Cay kinh khủng nhưng mực tươi và ngọt. Nói chung ổn, giá bình dân. Sẽ quay lại nếu sau tết k lên giá và chất lượng vẫn vậy :))<sep>Khi vào quán và ra về sẽ có bảo vệ dắt xe giúp mình, mình chỉ việc đứng đợi lấy thẻ với trả thẻ thui.
Nói là quán lẩu dê nhưng mọi người đừng nghĩ chỉ có dê ko nha, quán có đủ món hết í, lý tưởng để tụ tập đồng bọn ăn uống no say.
Ngoài lẩu dê rất ngon ở đây thì lẩu thái cũng đậm đà ko kém, mà cay lắm so với những lẩu thái chỗ khác mình ăn.
Mấy món ăn “bắt mồi” khác ngoài dê các món thì còn có đậu hủ trứng chiên giòn, với nấm bọc giấy bạc, mọi ng nên thử.<sep>Đồ ăn ok, lên hơi lâu, kêu tính tiền càng lâu hơn
Lẩu ớt hiểm mà không thấy cay lắm
Dù giá trên menu không đắt nhưng cẩn thận bill hay tính cộng mấy thứ lặt vặt vô overcharge đấy 
Ít phục vụ nên 1 lần kêu réo hơi mệt. Giữ xe có phí
Không gian rộng rãi, tương đối sạch<sep>Thất vọng với một quản lý ở đây. Hôm qua ghé quán ăn dê và làm vài lon bia, không biết đợt bia Tiger  bị gì mà uống vào đắng đắng, chua chua nên gọi một em phục vụ đến cho nếm thử và em nó cũng thấy bia hư và đổi cho mình bia khác. Thế nào mà lúc tính tiền quản lí tính luôn những lon bia hư và đổ cho nhân viên bên đó không biết uống bia. Tóm lại thất vọng bên 404 Trung Sơn.<sep>Món cá tai tượng sốt chua ngọt siêu ngon, lần nào đến quán mình cũng gọi. Lớp bột giòn, sốt ngon, cá to. 
Giá cả hợp lí cho ăn uống với gia đình, bạn bè",6.9,6.8,6.6,6.4,6.3,50.000đ - 220.000đ
Lẩu Dê 404 - Đường số 9,6.6,"110A Đường Số 9A, Khu Dân Cư Trung Sơn, P. Bình Hưng,Huyện Bình Chánh,TP. HCM",39,https://www.foody.vn/ho-chi-minh/quan-404-duong-so-9,"Tóm tắt quán quá tệ đồ ăn kêu tụi nhân viên coi như ăn xin kêu ko đứa nào ngó giống đang xin ăn mà bị làm lơ
Kêu rồi lên dc cái lò xog ko lên đồ đợi wai
Kêu thi nhân viên đang tụm lại nchuyen góc kia... Hỏi ai trực bàn này thì chỉ qua kia nói pé kia ko phải e... Rồi lại ngồi đợi tiếp... Good bye 404 bad<sep>Hứa k quay lại, kêu có 2 món mà đợi gần tiếng đồng hồ<sep>🐐Quán nằm trên đường số 9A khu dân cư Trung Sơn, khu này toàn quán nhậu và lẩu nên rất nhộn nhịp
🐐Không gian chủ yếu là sân vườn, ngoài trời, sài quạt , nhiều bàn ghế. Rộng rãi lắm. 
🐐Phục vụ: Hơi chậm vì quán quá đông luôn, chạy ko kịp làm phải ngồi chờ rất lâu. Và nhắc hoài mới được. Khi bạn đến quán thì đưa xe cho nhân viên chạy lên tầng và để ở đó. Có 1 cái gác để chứa rất nhiều xe. Lúc về được lấy xe lại và dắt tận nơi
🐐Các món ăn giá cũng hơi cao. Mùi vị ổn, k gọi là xuất sắc nhưng ok ☺️
- Trứng cút lộn đc đem ra đầu tiên khi chờ món
- Nghêu hấp thái: chua chua cay cay, vừa ăn, ok
- Vu heo nướng cũng chín tới và ướp cũng vừa ăn
- Lẩu thái chua cay: Nước lẩu cũng ok, ko ngon lắm. Rau nhiều và hải sản cũng nhiều, ăn cũng ổn
- Mực chiên nước mắm, vừa ăn, ko mặn lắm. Mùi vị cũng bình thường
🌟Nói chung quán bán đồ ăn ổn, chưa gọi là xuất sắc nhưng cũng ăn được gia đình và tụ họp bạn bè 😃<sep>Hôm qua ghé quán ăn kêu 2 lẩu , 2 dê nướng chờ hơn 30p mang ra dc 1 cái , chờ thên 30 phút hơn mang ra dc thêm 1 cái gần 1 tiếng chờ đợi cho 2 cái lẩu .  Thêm 30 phút cho 2 dê nướng.
Chất lượng món ăn quá tệ lẩu dê thì đen và hôi tới óc - - , thit nướng thì đen khét và kg mang rau kèm cho khách ăn gần xong thì mới thấy xuất hiên 2 dĩa rau tía tô , góp ý với nhân viên thì được trả lời “dê thì phải hôi” với thái độ kinh khách như “quán tao đong khách ăn dc thì ăn kg dc thì đi chỗ khác giùm “ .mất gần 1tr cho bữa ăn và thêm cục tức . Không bao giờ ghé lại quán.<sep>Hôm nay đi làm cuối tháng các ae đồng nghiệp rủ nên mn đi làm 1 bữa cải thiện🤣
Quán lẩu dê 404 trong khu dân cư cx khá đông khách. Không gian rộng thoáng đãng, sạch sẽ.
Mk đi 4 ng và có gọi set lẩu cx 1 vài món ăn kèm. Đồ nhúng tươi, mà thịt dê ăn ko có gây gây đâu, thịt mềm. Nước lẩu đậm đà vừa miệng.
Giá cả thì bình dân , chỉ tầm 150k 1 người thôi nha quá hợp lý xòn gì.
Các bạn nhân vieen nhiệt tình nhanh nhẹn ạ<sep>Thèm cá tai tượng chiên xù, nên vô đây ăn chứ k có ăn dê. Quán chuyên dê nhưng món khác cũng ok k kém. Gọi thêm dĩa mực nướng sa tế. Cay kinh khủng nhưng mực tươi và ngọt. Nói chung ổn, giá bình dân. Sẽ quay lại nếu sau tết k lên giá và chất lượng vẫn vậy :))<sep>Khi vào quán và ra về sẽ có bảo vệ dắt xe giúp mình, mình chỉ việc đứng đợi lấy thẻ với trả thẻ thui.
Nói là quán lẩu dê nhưng mọi người đừng nghĩ chỉ có dê ko nha, quán có đủ món hết í, lý tưởng để tụ tập đồng bọn ăn uống no say.
Ngoài lẩu dê rất ngon ở đây thì lẩu thái cũng đậm đà ko kém, mà cay lắm so với những lẩu thái chỗ khác mình ăn.
Mấy món ăn “bắt mồi” khác ngoài dê các món thì còn có đậu hủ trứng chiên giòn, với nấm bọc giấy bạc, mọi ng nên thử.<sep>Đồ ăn ok, lên hơi lâu, kêu tính tiền càng lâu hơn
Lẩu ớt hiểm mà không thấy cay lắm
Dù giá trên menu không đắt nhưng cẩn thận bill hay tính cộng mấy thứ lặt vặt vô overcharge đấy 
Ít phục vụ nên 1 lần kêu réo hơi mệt. Giữ xe có phí
Không gian rộng rãi, tương đối sạch<sep>Thất vọng với một quản lý ở đây. Hôm qua ghé quán ăn dê và làm vài lon bia, không biết đợt bia Tiger  bị gì mà uống vào đắng đắng, chua chua nên gọi một em phục vụ đến cho nếm thử và em nó cũng thấy bia hư và đổi cho mình bia khác. Thế nào mà lúc tính tiền quản lí tính luôn những lon bia hư và đổ cho nhân viên bên đó không biết uống bia. Tóm lại thất vọng bên 404 Trung Sơn.<sep>Món cá tai tượng sốt chua ngọt siêu ngon, lần nào đến quán mình cũng gọi. Lớp bột giòn, sốt ngon, cá to. 
Giá cả hợp lí cho ăn uống với gia đình, bạn bè",6.9,6.8,6.6,6.4,6.3,50.000đ - 220.000đ
Lẩu Dê 404 - Đường số 9,6.6,"110A Đường Số 9A, Khu Dân Cư Trung Sơn, P. Bình Hưng,Huyện Bình Chánh,TP. HCM",39,https://www.foody.vn/ho-chi-minh/quan-404-duong-so-9,"Tóm tắt quán quá tệ đồ ăn kêu tụi nhân viên coi như ăn xin kêu ko đứa nào ngó giống đang xin ăn mà bị làm lơ
Kêu rồi lên dc cái lò xog ko lên đồ đợi wai
Kêu thi nhân viên đang tụm lại nchuyen góc kia... Hỏi ai trực bàn này thì chỉ qua kia nói pé kia ko phải e... Rồi lại ngồi đợi tiếp... Good bye 404 bad<sep>Hứa k quay lại, kêu có 2 món mà đợi gần tiếng đồng hồ<sep>🐐Quán nằm trên đường số 9A khu dân cư Trung Sơn, khu này toàn quán nhậu và lẩu nên rất nhộn nhịp
🐐Không gian chủ yếu là sân vườn, ngoài trời, sài quạt , nhiều bàn ghế. Rộng rãi lắm. 
🐐Phục vụ: Hơi chậm vì quán quá đông luôn, chạy ko kịp làm phải ngồi chờ rất lâu. Và nhắc hoài mới được. Khi bạn đến quán thì đưa xe cho nhân viên chạy lên tầng và để ở đó. Có 1 cái gác để chứa rất nhiều xe. Lúc về được lấy xe lại và dắt tận nơi
🐐Các món ăn giá cũng hơi cao. Mùi vị ổn, k gọi là xuất sắc nhưng ok ☺️
- Trứng cút lộn đc đem ra đầu tiên khi chờ món
- Nghêu hấp thái: chua chua cay cay, vừa ăn, ok
- Vu heo nướng cũng chín tới và ướp cũng vừa ăn
- Lẩu thái chua cay: Nước lẩu cũng ok, ko ngon lắm. Rau nhiều và hải sản cũng nhiều, ăn cũng ổn
- Mực chiên nước mắm, vừa ăn, ko mặn lắm. Mùi vị cũng bình thường
🌟Nói chung quán bán đồ ăn ổn, chưa gọi là xuất sắc nhưng cũng ăn được gia đình và tụ họp bạn bè 😃<sep>Hôm qua ghé quán ăn kêu 2 lẩu , 2 dê nướng chờ hơn 30p mang ra dc 1 cái , chờ thên 30 phút hơn mang ra dc thêm 1 cái gần 1 tiếng chờ đợi cho 2 cái lẩu .  Thêm 30 phút cho 2 dê nướng.
Chất lượng món ăn quá tệ lẩu dê thì đen và hôi tới óc - - , thit nướng thì đen khét và kg mang rau kèm cho khách ăn gần xong thì mới thấy xuất hiên 2 dĩa rau tía tô , góp ý với nhân viên thì được trả lời “dê thì phải hôi” với thái độ kinh khách như “quán tao đong khách ăn dc thì ăn kg dc thì đi chỗ khác giùm “ .mất gần 1tr cho bữa ăn và thêm cục tức . Không bao giờ ghé lại quán.<sep>Hôm nay đi làm cuối tháng các ae đồng nghiệp rủ nên mn đi làm 1 bữa cải thiện🤣
Quán lẩu dê 404 trong khu dân cư cx khá đông khách. Không gian rộng thoáng đãng, sạch sẽ.
Mk đi 4 ng và có gọi set lẩu cx 1 vài món ăn kèm. Đồ nhúng tươi, mà thịt dê ăn ko có gây gây đâu, thịt mềm. Nước lẩu đậm đà vừa miệng.
Giá cả thì bình dân , chỉ tầm 150k 1 người thôi nha quá hợp lý xòn gì.
Các bạn nhân vieen nhiệt tình nhanh nhẹn ạ<sep>Thèm cá tai tượng chiên xù, nên vô đây ăn chứ k có ăn dê. Quán chuyên dê nhưng món khác cũng ok k kém. Gọi thêm dĩa mực nướng sa tế. Cay kinh khủng nhưng mực tươi và ngọt. Nói chung ổn, giá bình dân. Sẽ quay lại nếu sau tết k lên giá và chất lượng vẫn vậy :))<sep>Khi vào quán và ra về sẽ có bảo vệ dắt xe giúp mình, mình chỉ việc đứng đợi lấy thẻ với trả thẻ thui.
Nói là quán lẩu dê nhưng mọi người đừng nghĩ chỉ có dê ko nha, quán có đủ món hết í, lý tưởng để tụ tập đồng bọn ăn uống no say.
Ngoài lẩu dê rất ngon ở đây thì lẩu thái cũng đậm đà ko kém, mà cay lắm so với những lẩu thái chỗ khác mình ăn.
Mấy món ăn “bắt mồi” khác ngoài dê các món thì còn có đậu hủ trứng chiên giòn, với nấm bọc giấy bạc, mọi ng nên thử.<sep>Đồ ăn ok, lên hơi lâu, kêu tính tiền càng lâu hơn
Lẩu ớt hiểm mà không thấy cay lắm
Dù giá trên menu không đắt nhưng cẩn thận bill hay tính cộng mấy thứ lặt vặt vô overcharge đấy 
Ít phục vụ nên 1 lần kêu réo hơi mệt. Giữ xe có phí
Không gian rộng rãi, tương đối sạch<sep>Thất vọng với một quản lý ở đây. Hôm qua ghé quán ăn dê và làm vài lon bia, không biết đợt bia Tiger  bị gì mà uống vào đắng đắng, chua chua nên gọi một em phục vụ đến cho nếm thử và em nó cũng thấy bia hư và đổi cho mình bia khác. Thế nào mà lúc tính tiền quản lí tính luôn những lon bia hư và đổ cho nhân viên bên đó không biết uống bia. Tóm lại thất vọng bên 404 Trung Sơn.<sep>Món cá tai tượng sốt chua ngọt siêu ngon, lần nào đến quán mình cũng gọi. Lớp bột giòn, sốt ngon, cá to. 
Giá cả hợp lí cho ăn uống với gia đình, bạn bè",6.9,6.8,6.6,6.4,6.3,50.000đ - 220.000đ
Lẩu Dê 404 - Đường số 9,6.6,"110A Đường Số 9A, Khu Dân Cư Trung Sơn, P. Bình Hưng,Huyện Bình Chánh,TP. HCM",39,https://www.foody.vn/ho-chi-minh/quan-404-duong-so-9,"Tóm tắt quán quá tệ đồ ăn kêu tụi nhân viên coi như ăn xin kêu ko đứa nào ngó giống đang xin ăn mà bị làm lơ
Kêu rồi lên dc cái lò xog ko lên đồ đợi wai
Kêu thi nhân viên đang tụm lại nchuyen góc kia... Hỏi ai trực bàn này thì chỉ qua kia nói pé kia ko phải e... Rồi lại ngồi đợi tiếp... Good bye 404 bad<sep>Hứa k quay lại, kêu có 2 món mà đợi gần tiếng đồng hồ<sep>🐐Quán nằm trên đường số 9A khu dân cư Trung Sơn, khu này toàn quán nhậu và lẩu nên rất nhộn nhịp
🐐Không gian chủ yếu là sân vườn, ngoài trời, sài quạt , nhiều bàn ghế. Rộng rãi lắm. 
🐐Phục vụ: Hơi chậm vì quán quá đông luôn, chạy ko kịp làm phải ngồi chờ rất lâu. Và nhắc hoài mới được. Khi bạn đến quán thì đưa xe cho nhân viên chạy lên tầng và để ở đó. Có 1 cái gác để chứa rất nhiều xe. Lúc về được lấy xe lại và dắt tận nơi
🐐Các món ăn giá cũng hơi cao. Mùi vị ổn, k gọi là xuất sắc nhưng ok ☺️
- Trứng cút lộn đc đem ra đầu tiên khi chờ món
- Nghêu hấp thái: chua chua cay cay, vừa ăn, ok
- Vu heo nướng cũng chín tới và ướp cũng vừa ăn
- Lẩu thái chua cay: Nước lẩu cũng ok, ko ngon lắm. Rau nhiều và hải sản cũng nhiều, ăn cũng ổn
- Mực chiên nước mắm, vừa ăn, ko mặn lắm. Mùi vị cũng bình thường
🌟Nói chung quán bán đồ ăn ổn, chưa gọi là xuất sắc nhưng cũng ăn được gia đình và tụ họp bạn bè 😃<sep>Hôm qua ghé quán ăn kêu 2 lẩu , 2 dê nướng chờ hơn 30p mang ra dc 1 cái , chờ thên 30 phút hơn mang ra dc thêm 1 cái gần 1 tiếng chờ đợi cho 2 cái lẩu .  Thêm 30 phút cho 2 dê nướng.
Chất lượng món ăn quá tệ lẩu dê thì đen và hôi tới óc - - , thit nướng thì đen khét và kg mang rau kèm cho khách ăn gần xong thì mới thấy xuất hiên 2 dĩa rau tía tô , góp ý với nhân viên thì được trả lời “dê thì phải hôi” với thái độ kinh khách như “quán tao đong khách ăn dc thì ăn kg dc thì đi chỗ khác giùm “ .mất gần 1tr cho bữa ăn và thêm cục tức . Không bao giờ ghé lại quán.<sep>Hôm nay đi làm cuối tháng các ae đồng nghiệp rủ nên mn đi làm 1 bữa cải thiện🤣
Quán lẩu dê 404 trong khu dân cư cx khá đông khách. Không gian rộng thoáng đãng, sạch sẽ.
Mk đi 4 ng và có gọi set lẩu cx 1 vài món ăn kèm. Đồ nhúng tươi, mà thịt dê ăn ko có gây gây đâu, thịt mềm. Nước lẩu đậm đà vừa miệng.
Giá cả thì bình dân , chỉ tầm 150k 1 người thôi nha quá hợp lý xòn gì.
Các bạn nhân vieen nhiệt tình nhanh nhẹn ạ<sep>Thèm cá tai tượng chiên xù, nên vô đây ăn chứ k có ăn dê. Quán chuyên dê nhưng món khác cũng ok k kém. Gọi thêm dĩa mực nướng sa tế. Cay kinh khủng nhưng mực tươi và ngọt. Nói chung ổn, giá bình dân. Sẽ quay lại nếu sau tết k lên giá và chất lượng vẫn vậy :))<sep>Khi vào quán và ra về sẽ có bảo vệ dắt xe giúp mình, mình chỉ việc đứng đợi lấy thẻ với trả thẻ thui.
Nói là quán lẩu dê nhưng mọi người đừng nghĩ chỉ có dê ko nha, quán có đủ món hết í, lý tưởng để tụ tập đồng bọn ăn uống no say.
Ngoài lẩu dê rất ngon ở đây thì lẩu thái cũng đậm đà ko kém, mà cay lắm so với những lẩu thái chỗ khác mình ăn.
Mấy món ăn “bắt mồi” khác ngoài dê các món thì còn có đậu hủ trứng chiên giòn, với nấm bọc giấy bạc, mọi ng nên thử.<sep>Đồ ăn ok, lên hơi lâu, kêu tính tiền càng lâu hơn
Lẩu ớt hiểm mà không thấy cay lắm
Dù giá trên menu không đắt nhưng cẩn thận bill hay tính cộng mấy thứ lặt vặt vô overcharge đấy 
Ít phục vụ nên 1 lần kêu réo hơi mệt. Giữ xe có phí
Không gian rộng rãi, tương đối sạch<sep>Thất vọng với một quản lý ở đây. Hôm qua ghé quán ăn dê và làm vài lon bia, không biết đợt bia Tiger  bị gì mà uống vào đắng đắng, chua chua nên gọi một em phục vụ đến cho nếm thử và em nó cũng thấy bia hư và đổi cho mình bia khác. Thế nào mà lúc tính tiền quản lí tính luôn những lon bia hư và đổ cho nhân viên bên đó không biết uống bia. Tóm lại thất vọng bên 404 Trung Sơn.<sep>Món cá tai tượng sốt chua ngọt siêu ngon, lần nào đến quán mình cũng gọi. Lớp bột giòn, sốt ngon, cá to. 
Giá cả hợp lí cho ăn uống với gia đình, bạn bè",6.9,6.8,6.6,6.4,6.3,50.000đ - 220.000đ
Lẩu Dê 404 - Đường số 9,6.6,"110A Đường Số 9A, Khu Dân Cư Trung Sơn, P. Bình Hưng,Huyện Bình Chánh,TP. HCM",39,https://www.foody.vn/ho-chi-minh/quan-404-duong-so-9,"Tóm tắt quán quá tệ đồ ăn kêu tụi nhân viên coi như ăn xin kêu ko đứa nào ngó giống đang xin ăn mà bị làm lơ
Kêu rồi lên dc cái lò xog ko lên đồ đợi wai
Kêu thi nhân viên đang tụm lại nchuyen góc kia... Hỏi ai trực bàn này thì chỉ qua kia nói pé kia ko phải e... Rồi lại ngồi đợi tiếp... Good bye 404 bad<sep>Hứa k quay lại, kêu có 2 món mà đợi gần tiếng đồng hồ<sep>🐐Quán nằm trên đường số 9A khu dân cư Trung Sơn, khu này toàn quán nhậu và lẩu nên rất nhộn nhịp
🐐Không gian chủ yếu là sân vườn, ngoài trời, sài quạt , nhiều bàn ghế. Rộng rãi lắm. 
🐐Phục vụ: Hơi chậm vì quán quá đông luôn, chạy ko kịp làm phải ngồi chờ rất lâu. Và nhắc hoài mới được. Khi bạn đến quán thì đưa xe cho nhân viên chạy lên tầng và để ở đó. Có 1 cái gác để chứa rất nhiều xe. Lúc về được lấy xe lại và dắt tận nơi
🐐Các món ăn giá cũng hơi cao. Mùi vị ổn, k gọi là xuất sắc nhưng ok ☺️
- Trứng cút lộn đc đem ra đầu tiên khi chờ món
- Nghêu hấp thái: chua chua cay cay, vừa ăn, ok
- Vu heo nướng cũng chín tới và ướp cũng vừa ăn
- Lẩu thái chua cay: Nước lẩu cũng ok, ko ngon lắm. Rau nhiều và hải sản cũng nhiều, ăn cũng ổn
- Mực chiên nước mắm, vừa ăn, ko mặn lắm. Mùi vị cũng bình thường
🌟Nói chung quán bán đồ ăn ổn, chưa gọi là xuất sắc nhưng cũng ăn được gia đình và tụ họp bạn bè 😃<sep>Hôm qua ghé quán ăn kêu 2 lẩu , 2 dê nướng chờ hơn 30p mang ra dc 1 cái , chờ thên 30 phút hơn mang ra dc thêm 1 cái gần 1 tiếng chờ đợi cho 2 cái lẩu .  Thêm 30 phút cho 2 dê nướng.
Chất lượng món ăn quá tệ lẩu dê thì đen và hôi tới óc - - , thit nướng thì đen khét và kg mang rau kèm cho khách ăn gần xong thì mới thấy xuất hiên 2 dĩa rau tía tô , góp ý với nhân viên thì được trả lời “dê thì phải hôi” với thái độ kinh khách như “quán tao đong khách ăn dc thì ăn kg dc thì đi chỗ khác giùm “ .mất gần 1tr cho bữa ăn và thêm cục tức . Không bao giờ ghé lại quán.<sep>Hôm nay đi làm cuối tháng các ae đồng nghiệp rủ nên mn đi làm 1 bữa cải thiện🤣
Quán lẩu dê 404 trong khu dân cư cx khá đông khách. Không gian rộng thoáng đãng, sạch sẽ.
Mk đi 4 ng và có gọi set lẩu cx 1 vài món ăn kèm. Đồ nhúng tươi, mà thịt dê ăn ko có gây gây đâu, thịt mềm. Nước lẩu đậm đà vừa miệng.
Giá cả thì bình dân , chỉ tầm 150k 1 người thôi nha quá hợp lý xòn gì.
Các bạn nhân vieen nhiệt tình nhanh nhẹn ạ<sep>Thèm cá tai tượng chiên xù, nên vô đây ăn chứ k có ăn dê. Quán chuyên dê nhưng món khác cũng ok k kém. Gọi thêm dĩa mực nướng sa tế. Cay kinh khủng nhưng mực tươi và ngọt. Nói chung ổn, giá bình dân. Sẽ quay lại nếu sau tết k lên giá và chất lượng vẫn vậy :))<sep>Khi vào quán và ra về sẽ có bảo vệ dắt xe giúp mình, mình chỉ việc đứng đợi lấy thẻ với trả thẻ thui.
Nói là quán lẩu dê nhưng mọi người đừng nghĩ chỉ có dê ko nha, quán có đủ món hết í, lý tưởng để tụ tập đồng bọn ăn uống no say.
Ngoài lẩu dê rất ngon ở đây thì lẩu thái cũng đậm đà ko kém, mà cay lắm so với những lẩu thái chỗ khác mình ăn.
Mấy món ăn “bắt mồi” khác ngoài dê các món thì còn có đậu hủ trứng chiên giòn, với nấm bọc giấy bạc, mọi ng nên thử.<sep>Đồ ăn ok, lên hơi lâu, kêu tính tiền càng lâu hơn
Lẩu ớt hiểm mà không thấy cay lắm
Dù giá trên menu không đắt nhưng cẩn thận bill hay tính cộng mấy thứ lặt vặt vô overcharge đấy 
Ít phục vụ nên 1 lần kêu réo hơi mệt. Giữ xe có phí
Không gian rộng rãi, tương đối sạch<sep>Thất vọng với một quản lý ở đây. Hôm qua ghé quán ăn dê và làm vài lon bia, không biết đợt bia Tiger  bị gì mà uống vào đắng đắng, chua chua nên gọi một em phục vụ đến cho nếm thử và em nó cũng thấy bia hư và đổi cho mình bia khác. Thế nào mà lúc tính tiền quản lí tính luôn những lon bia hư và đổ cho nhân viên bên đó không biết uống bia. Tóm lại thất vọng bên 404 Trung Sơn.<sep>Món cá tai tượng sốt chua ngọt siêu ngon, lần nào đến quán mình cũng gọi. Lớp bột giòn, sốt ngon, cá to. 
Giá cả hợp lí cho ăn uống với gia đình, bạn bè",6.9,6.8,6.6,6.4,6.3,50.000đ - 220.000đ
Rạn Biển 7 - Đường Số 9A,7.1,"Đường Số 9A, Xã Bình Hưng,Huyện Bình Chánh,TP. HCM",21,https://www.foody.vn/ho-chi-minh/ran-bien-7-vo-van-tan,"Thì hôm nay mình cũng định đến đây ăn thì vô tình đọc được các bình luận về thái độ nv của mấy bạn đã đến đây ăn trước đó, cửm mơn :333<sep>Chi nhánh mới dời về gần Q7, rất thích vì món ăn ở đây nấu ngon, đồ tươi sống tại bể siêu lớn , tha hồ chọn lựa , trẻ em nhà mình rất thích vì đc ngắm cá khi đến Rạn Biển<sep>Hải sản tươi và đa dạng. Có nhiều cách chế biến cho mỗi loại, khá dễ chọn. Không gian cũng rộng rãi, có phòng riêng. Món ăn lên nhìn bắt mắt, ăn ngon miệng.<sep>Mình thật sự rất bực mình về cách phục vụ của các bạn nhân viên trong phòng vip, nói chuyện đùa giỡn to hơn cả khách, xong thì ngồi bấm điện thoại nhạc to um sùm rất phiền. Chưa cần biết món ăn như thế nào nhưng phục vụ như vậy không bao giờ quay lại.<sep>Nằm ở khúc đường 1 chiều của Võ Văn Tần, chuyên về hải sản tươi sống, độc lạ. Mấy loại thường thấy thì size khá lớn. Chế biến khá ngon. Mấy cái dĩa ở đây nhìn khá đẹp.<sep>Hải sản rất tươi ngon, đáng đồng tiền. Đi ăn tất niên công ty gọi ăn ngập mặt, món nào cũng nhiều và chất lượng. Lo ăn quá nên không có chụp hình, được mỗi thố nghêu hấp gừng xả. Nghêu rất ngọt, không quá dai, nước luộc thơm, ấm bụng. Nhưng vỏ nghêu hơi to, nặng ký.
Sò huyết cháy tỏi quên không dặn tách sẵn, miệng vẫn còn kín quá cạy muốn gãy móng tay. Tôm sú nêm vừa ăn, thịt ngọt không dai. Tu hài tươi, mềm ngọt. Lẩu cá tầm nhiều, làm chua vừa phải, nhưng ở đây lên luôn một nồi đã nấu chín, thành ra giống như canh chan bún hơn là lẩu, ăn chậm là nguội.
Đồ ăn món nào cũng ngon, nhưng phục vụ thì quá là tệ. Đi buổi trưa, không biết ít nhân viên hay thế nào, mà toàn phải kêu tới kêu lui. Có mỗi mấy lon nước ngọt mà phải hối. Nhân viên lên món xong là biến mất, tiệc mời toàn khách hàng, mà không ai tiếp đá, chờ kêu mới làm cho có. Lúc mình đi vệ sinh có thấy 2 bạn nhân viên nữ đứng loay hoay trang điểm, kiểu cố tình đứng nán lại, rồi vênh mặt thái độ rất không thân thiện.
Phòng trang trí toàn giấy dán tường, nhìn u tối, không sang trọng.<sep>Hải sản con nào cũng to. Ngon và rất tươi. Vì nó to nên ăn vào mới thấy nhiều và no thật. Bạn bè mình ai cũng khen. Hi vọng lúc nào cũng được rủ đi ăn như thế.<sep>Thích ăn các loại sashimi, đến đây thấy cá bơn bơi tung tăng thích quá. Làm luôn món sashimi cá bơn. Cá còn sống nên thịt cá tươi ngon không phải nói rồi. Thịt cá có vị ngon ngọt đặc trưng riêng. Ai thích sashimi nên thử.<sep>Phục vụ quá kém.

Cân thiếu hoặc bớt cá, ốc của khách. Nhân viên phục vụ thì ngồi chơi, nói chuyện với nhau và làm lơ mình. Ngoài ra tính tiền xong còn đòi tiền tip thêm cho mấy bạn nhân viên trong khi khách tự lên bia, tự gắp đá, tự chia đồ ăn. (Lúc tính tiền thì mình trả thẻ mà quản lý ra nói là mấy bạn nhân viên kia phục vụ nãy giờ, yêu cầu mình phải trả tiền tip riêng cho các bạn ấy. Xong 2 bạn nhân viên ra đứng chờ mình cho tiền rồi còn đi ra theo đến tận cổng). Dễ sợ luôn. Mình đi 2 lần mà lần nào cũng ra xin tiền. 

Các chi nhánh khác vẫn bình thường ko vấn đề, mình khá thích chi nhánh Nam kỳ khởi nghĩa.<sep>Mỗi lần tôi đi ăn với gia đình và bạn bè  thèm hải sản tôi thường dẫn đến quán này . 	Rạn biển 7 – Võ Văn Tần . Để nói  về hải sản thì ko gì hơn 2 chữ to và tươi, ở đây rất nhiều loại hải sản ...,món ăn thơm,ngon,vừa miệng ,hấp dẫn ,bắt mắt.... nhìn chung thì rất rất thích món hào nướng phô mai , bạch tuột nướng , cá nướng ,cơm chiên hải sản ... nơi này thoáng ,thoải mái ,hào nhoáng .(Mình cũng rất thích nơi này ở điểm khi khách chọn xong sẽ bắt và cân ngay tại chỗ cho khách xem ,bảng giá cũng niêm yết rõ  ràng và cân luôn có thì tính trước được tiền và ko sợ bị cân gian ). Ai mà thích hải sản thì nên tới quán này nhé./hì",7.7,7.7,7.4,6.9,6.1,100.000đ - 500.000đ
MTP Coffee & Lounge,7.6,"146 Đường Số 1,Huyện Bình Chánh,TP. HCM",4,https://www.foody.vn/ho-chi-minh/mtp-coffee-lounge,"Rất thích hợp cho hội tụ bạn bè lẫn làm việc, học tập !! Nhạc nhẹ hay và quang cảnh nhìn ra sông rất thoải mái 👍👍👍<sep>Gần công ty nên sáng ra nhâm nhi ly nước, ngắm cảnh sông rất thú vị, quán đông, ko có khu vực riêng cho khách ko hút thuốc nên hơi khó chịu khi mình bi vây quanh toàn những người hút thuốc.  Thức ăn sáng thấy menu ghi nhiều nhưng chỉ có vài món mỗi ngày, mình chọn ăn hủ tiếu nam vang, tô nhiều, chất lượng ổn.  Nước uống thì mình thử uống chanh đá xay, ngon nha, kiểu như nước chanh nhưng đá xay nhuyễn, uống thú vị hơn nhiều.  Ko gian quán ok, trang trí hiện đại, có tivi to lắm chiếu phim hollywood.  Phục vụ thì cứ từ từ chậm rãi cho dù khách đông, nhóm mình cũng ngồi đợi cả bao lâu cũng chưa được order nữa.<sep>It looks quite new. Nice decor. Smoking is allowed downstairs and upstairs. Music is a bit loud for me. I would prefer no smoking upstairs. Free parking for motorbikes. Limited drinks on the menu. A wider variety of drinks and food would be good.<sep>Tuyệt vời, nhất là món Bò Bittet, Bò Lúc lắc, Mì Ý",8.0,8.0,7.8,7.3,7.0,20.000đ - 100.000đ
MTP Coffee & Lounge,7.6,"146 Đường Số 1,Huyện Bình Chánh,TP. HCM",4,https://www.foody.vn/ho-chi-minh/mtp-coffee-lounge,"Rất thích hợp cho hội tụ bạn bè lẫn làm việc, học tập !! Nhạc nhẹ hay và quang cảnh nhìn ra sông rất thoải mái 👍👍👍<sep>Gần công ty nên sáng ra nhâm nhi ly nước, ngắm cảnh sông rất thú vị, quán đông, ko có khu vực riêng cho khách ko hút thuốc nên hơi khó chịu khi mình bi vây quanh toàn những người hút thuốc.  Thức ăn sáng thấy menu ghi nhiều nhưng chỉ có vài món mỗi ngày, mình chọn ăn hủ tiếu nam vang, tô nhiều, chất lượng ổn.  Nước uống thì mình thử uống chanh đá xay, ngon nha, kiểu như nước chanh nhưng đá xay nhuyễn, uống thú vị hơn nhiều.  Ko gian quán ok, trang trí hiện đại, có tivi to lắm chiếu phim hollywood.  Phục vụ thì cứ từ từ chậm rãi cho dù khách đông, nhóm mình cũng ngồi đợi cả bao lâu cũng chưa được order nữa.<sep>It looks quite new. Nice decor. Smoking is allowed downstairs and upstairs. Music is a bit loud for me. I would prefer no smoking upstairs. Free parking for motorbikes. Limited drinks on the menu. A wider variety of drinks and food would be good.<sep>Tuyệt vời, nhất là món Bò Bittet, Bò Lúc lắc, Mì Ý",8.0,8.0,7.8,7.3,7.0,20.000đ - 100.000đ
MTP Coffee & Lounge,7.6,"146 Đường Số 1,Huyện Bình Chánh,TP. HCM",4,https://www.foody.vn/ho-chi-minh/mtp-coffee-lounge,"Rất thích hợp cho hội tụ bạn bè lẫn làm việc, học tập !! Nhạc nhẹ hay và quang cảnh nhìn ra sông rất thoải mái 👍👍👍<sep>Gần công ty nên sáng ra nhâm nhi ly nước, ngắm cảnh sông rất thú vị, quán đông, ko có khu vực riêng cho khách ko hút thuốc nên hơi khó chịu khi mình bi vây quanh toàn những người hút thuốc.  Thức ăn sáng thấy menu ghi nhiều nhưng chỉ có vài món mỗi ngày, mình chọn ăn hủ tiếu nam vang, tô nhiều, chất lượng ổn.  Nước uống thì mình thử uống chanh đá xay, ngon nha, kiểu như nước chanh nhưng đá xay nhuyễn, uống thú vị hơn nhiều.  Ko gian quán ok, trang trí hiện đại, có tivi to lắm chiếu phim hollywood.  Phục vụ thì cứ từ từ chậm rãi cho dù khách đông, nhóm mình cũng ngồi đợi cả bao lâu cũng chưa được order nữa.<sep>It looks quite new. Nice decor. Smoking is allowed downstairs and upstairs. Music is a bit loud for me. I would prefer no smoking upstairs. Free parking for motorbikes. Limited drinks on the menu. A wider variety of drinks and food would be good.<sep>Tuyệt vời, nhất là món Bò Bittet, Bò Lúc lắc, Mì Ý",8.0,8.0,7.8,7.3,7.0,20.000đ - 100.000đ
MTP Coffee & Lounge,7.6,"146 Đường Số 1,Huyện Bình Chánh,TP. HCM",4,https://www.foody.vn/ho-chi-minh/mtp-coffee-lounge,"Rất thích hợp cho hội tụ bạn bè lẫn làm việc, học tập !! Nhạc nhẹ hay và quang cảnh nhìn ra sông rất thoải mái 👍👍👍<sep>Gần công ty nên sáng ra nhâm nhi ly nước, ngắm cảnh sông rất thú vị, quán đông, ko có khu vực riêng cho khách ko hút thuốc nên hơi khó chịu khi mình bi vây quanh toàn những người hút thuốc.  Thức ăn sáng thấy menu ghi nhiều nhưng chỉ có vài món mỗi ngày, mình chọn ăn hủ tiếu nam vang, tô nhiều, chất lượng ổn.  Nước uống thì mình thử uống chanh đá xay, ngon nha, kiểu như nước chanh nhưng đá xay nhuyễn, uống thú vị hơn nhiều.  Ko gian quán ok, trang trí hiện đại, có tivi to lắm chiếu phim hollywood.  Phục vụ thì cứ từ từ chậm rãi cho dù khách đông, nhóm mình cũng ngồi đợi cả bao lâu cũng chưa được order nữa.<sep>It looks quite new. Nice decor. Smoking is allowed downstairs and upstairs. Music is a bit loud for me. I would prefer no smoking upstairs. Free parking for motorbikes. Limited drinks on the menu. A wider variety of drinks and food would be good.<sep>Tuyệt vời, nhất là món Bò Bittet, Bò Lúc lắc, Mì Ý",8.0,8.0,7.8,7.3,7.0,20.000đ - 100.000đ
MTP Coffee & Lounge,7.6,"146 Đường Số 1,Huyện Bình Chánh,TP. HCM",4,https://www.foody.vn/ho-chi-minh/mtp-coffee-lounge,"Rất thích hợp cho hội tụ bạn bè lẫn làm việc, học tập !! Nhạc nhẹ hay và quang cảnh nhìn ra sông rất thoải mái 👍👍👍<sep>Gần công ty nên sáng ra nhâm nhi ly nước, ngắm cảnh sông rất thú vị, quán đông, ko có khu vực riêng cho khách ko hút thuốc nên hơi khó chịu khi mình bi vây quanh toàn những người hút thuốc.  Thức ăn sáng thấy menu ghi nhiều nhưng chỉ có vài món mỗi ngày, mình chọn ăn hủ tiếu nam vang, tô nhiều, chất lượng ổn.  Nước uống thì mình thử uống chanh đá xay, ngon nha, kiểu như nước chanh nhưng đá xay nhuyễn, uống thú vị hơn nhiều.  Ko gian quán ok, trang trí hiện đại, có tivi to lắm chiếu phim hollywood.  Phục vụ thì cứ từ từ chậm rãi cho dù khách đông, nhóm mình cũng ngồi đợi cả bao lâu cũng chưa được order nữa.<sep>It looks quite new. Nice decor. Smoking is allowed downstairs and upstairs. Music is a bit loud for me. I would prefer no smoking upstairs. Free parking for motorbikes. Limited drinks on the menu. A wider variety of drinks and food would be good.<sep>Tuyệt vời, nhất là món Bò Bittet, Bò Lúc lắc, Mì Ý",8.0,8.0,7.8,7.3,7.0,20.000đ - 100.000đ
"Gà Tam Kỳ 161 - Cơm, Cháo & Gỏi Gà",_._,"161 Đường 9A, KDC Trung Sơn, Xã Bình Hưng,Huyện Bình Chánh,TP. HCM",0,https://www.foody.vn/ho-chi-minh/ga-tam-ky-161-com-chao-goi-ga,no data,no data,no data,no data,no data,no data,no data
Two Two Chicken,_._,"39 Đường Số 1, Khu Dân Cư Dương Hồng, Xã Bình Hưng,Huyện Bình Chánh,TP. HCM",0,https://www.foody.vn/ho-chi-minh/two-two-chicken,no data,no data,no data,no data,no data,no data,no data
Two Two Chicken,_._,"39 Đường Số 1, Khu Dân Cư Dương Hồng, Xã Bình Hưng,Huyện Bình Chánh,TP. HCM",0,https://www.foody.vn/ho-chi-minh/two-two-chicken,no data,no data,no data,no data,no data,no data,no data
Phở Huỳnh Trang,_._,"53H Ấp 4 C9 Nguyễn Văn Linh, Xã Bình Hưng,Huyện Bình Chánh,TP. HCM",0,https://www.foody.vn/ho-chi-minh/pho-huynh-trang,no data,no data,no data,no data,no data,no data,no data
Phở Huỳnh Trang,_._,"53H Ấp 4 C9 Nguyễn Văn Linh, Xã Bình Hưng,Huyện Bình Chánh,TP. HCM",0,https://www.foody.vn/ho-chi-minh/pho-huynh-trang,no data,no data,no data,no data,no data,no data,no data
Hằng - Bún Măng Vịt & Cháo - Phạm Hùng,_._,"118 Phạm Hùng, X. Bình Hưng,Huyện Bình Chánh,TP. HCM",0,https://www.foody.vn/ho-chi-minh/quan-hang-bun-mang-chao-goi-vit,no data,no data,no data,no data,no data,no data,no data
Phở Cường - Thới Hoà,_._,"E11/47 Thới Hoà, X. Vĩnh Lộc A,Huyện Bình Chánh,TP. HCM",0,https://www.foody.vn/ho-chi-minh/pho-cuong-thoi-hoa,no data,no data,no data,no data,no data,no data,no data
Phở Cường - Thới Hoà,_._,"E11/47 Thới Hoà, X. Vĩnh Lộc A,Huyện Bình Chánh,TP. HCM",0,https://www.foody.vn/ho-chi-minh/pho-cuong-thoi-hoa,no data,no data,no data,no data,no data,no data,no data
Kimbap City - Món Ăn Hàn Quốc - Trung Sơn,9.0,"120 Đường Số 9A,Huyện Bình Chánh,TP. HCM",1,https://www.foody.vn/ho-chi-minh/kimbap-city-mon-an-han-quoc-trung-son,Kimbap cuốn đẹp nước chấm ngon. Soup kimchi vừa ăn hợp vị thịt với đậu hủ nhiều. Bạch tuộc xào thắm vị phô mai nhiều. Ngon sẽ quay lại ủng hộ,10.0,10.0,10.0,10.0,5.0,20.000đ - 180.000đ
Kimbap City - Món Ăn Hàn Quốc - Trung Sơn,9.0,"120 Đường Số 9A,Huyện Bình Chánh,TP. HCM",1,https://www.foody.vn/ho-chi-minh/kimbap-city-mon-an-han-quoc-trung-son,Kimbap cuốn đẹp nước chấm ngon. Soup kimchi vừa ăn hợp vị thịt với đậu hủ nhiều. Bạch tuộc xào thắm vị phô mai nhiều. Ngon sẽ quay lại ủng hộ,10.0,10.0,10.0,10.0,5.0,20.000đ - 180.000đ
Gà Ta Tam Ký - Quách Điêu,_._,"Ngã 3 Thới Hoà - Quách Điêu, X. Vĩnh Lộc A,Huyện Bình Chánh,TP. HCM",0,https://www.foody.vn/ho-chi-minh/ga-ta-tam-ky-quach-dieu,no data,no data,no data,no data,no data,no data,no data
Gà Ta Tam Ký - Quách Điêu,_._,"Ngã 3 Thới Hoà - Quách Điêu, X. Vĩnh Lộc A,Huyện Bình Chánh,TP. HCM",0,https://www.foody.vn/ho-chi-minh/ga-ta-tam-ky-quach-dieu,no data,no data,no data,no data,no data,no data,no data
TN Foods Store - Đường Số 9,_._,"66 Đường Số 9, Khu Dân Cư Him Lam, X. Bình Hưng,Huyện Bình Chánh,TP. HCM",0,https://www.foody.vn/ho-chi-minh/tn-foods-store-duong-so-9,no data,no data,no data,no data,no data,no data,no data
An Food's - Trái Cây Sạch - Vĩnh Lộc,4.6,"F1/31Y Vĩnh Lộc, Xã Vĩnh Lộc A,Huyện Bình Chánh,TP. HCM",1,https://www.foody.vn/ho-chi-minh/an-food-s-trai-cay-sach-vinh-loc,Chiều tôi đặt hàng chuyển tiền rồi sao ko thấy gì cả shop,5.0,5.0,5.0,5.0,3.0,19.000đ - 199.000đ
Vườn Xanh - Rau Củ Quả - Phạm Hùng,_._,"C1/16 Phạm Hùng, P. Bình Hưng,Huyện Bình Chánh,TP. HCM",0,https://www.foody.vn/ho-chi-minh/vuon-xanh-rau-cu-qua-pham-hung,no data,no data,no data,no data,no data,no data,no data
Vườn Xanh - Rau Củ Quả - Phạm Hùng,_._,"C1/16 Phạm Hùng, P. Bình Hưng,Huyện Bình Chánh,TP. HCM",0,https://www.foody.vn/ho-chi-minh/vuon-xanh-rau-cu-qua-pham-hung,no data,no data,no data,no data,no data,no data,no data
Vườn Xanh - Rau Củ Quả - Phạm Hùng,_._,"C1/16 Phạm Hùng, P. Bình Hưng,Huyện Bình Chánh,TP. HCM",0,https://www.foody.vn/ho-chi-minh/vuon-xanh-rau-cu-qua-pham-hung,no data,no data,no data,no data,no data,no data,no data
Vườn Xanh - Rau Củ Quả - Phạm Hùng,_._,"C1/16 Phạm Hùng, P. Bình Hưng,Huyện Bình Chánh,TP. HCM",0,https://www.foody.vn/ho-chi-minh/vuon-xanh-rau-cu-qua-pham-hung,no data,no data,no data,no data,no data,no data,no data
Vườn Xanh - Rau Củ Quả - Phạm Hùng,_._,"C1/16 Phạm Hùng, P. Bình Hưng,Huyện Bình Chánh,TP. HCM",0,https://www.foody.vn/ho-chi-minh/vuon-xanh-rau-cu-qua-pham-hung,no data,no data,no data,no data,no data,no data,no data
Tâm Anh - Bún Bò - Đường Số 22,_._,"13 Đường Số 22, Khu Dân Cư Bình Hưng,Huyện Bình Chánh,TP. HCM",0,https://www.foody.vn/ho-chi-minh/tam-anh-bun-bo-duong-so-22,no data,no data,no data,no data,no data,no data,no data
Cháo Gỏi Vịt Hương Lan - Gỏi Vịt & Gỏi Gà,_._,"A30/03 Quốc lộ 50, X. Bình Hưng,Huyện Bình Chánh,TP. HCM",0,https://www.foody.vn/ho-chi-minh/chao-goi-vit-huong-lan-goi-vit-goi-ga.ghn9ba,no data,no data,no data,no data,no data,no data,no data
Huy Ký - Hủ Tiếu Xào - Phạm Hùng,_._,"84/12 Phạm Hùng, X. Bình Hưng,Huyện Bình Chánh,TP. HCM",0,https://www.foody.vn/ho-chi-minh/huy-ky-hu-tieu-xao-pham-hung.bosr3w,no data,no data,no data,no data,no data,no data,no data
Huy Ký - Hủ Tiếu Xào - Phạm Hùng,_._,"84/12 Phạm Hùng, X. Bình Hưng,Huyện Bình Chánh,TP. HCM",0,https://www.foody.vn/ho-chi-minh/huy-ky-hu-tieu-xao-pham-hung.bosr3w,no data,no data,no data,no data,no data,no data,no data
Huy Ký - Hủ Tiếu Xào - Phạm Hùng,_._,"84/12 Phạm Hùng, X. Bình Hưng,Huyện Bình Chánh,TP. HCM",0,https://www.foody.vn/ho-chi-minh/huy-ky-hu-tieu-xao-pham-hung.bosr3w,no data,no data,no data,no data,no data,no data,no data
Huy Ký - Hủ Tiếu Xào - Phạm Hùng,_._,"84/12 Phạm Hùng, X. Bình Hưng,Huyện Bình Chánh,TP. HCM",0,https://www.foody.vn/ho-chi-minh/huy-ky-hu-tieu-xao-pham-hung.bosr3w,no data,no data,no data,no data,no data,no data,no data
Huy Ký - Hủ Tiếu Xào - Phạm Hùng,_._,"84/12 Phạm Hùng, X. Bình Hưng,Huyện Bình Chánh,TP. HCM",0,https://www.foody.vn/ho-chi-minh/huy-ky-hu-tieu-xao-pham-hung.bosr3w,no data,no data,no data,no data,no data,no data,no data
Bún Cá Dì Quỳnh,_._,"Hẻm C7/20 Phạm Hùng,Huyện Bình Chánh,TP. HCM",0,https://www.foody.vn/ho-chi-minh/bun-ca-di-quynh,no data,no data,no data,no data,no data,no data,no data
Quán Lim - Phở & Bún Đậu Mắm Tôm,_._,"146 Đường Số 1, KDC Trung Sơn,Huyện Bình Chánh,TP. HCM",0,https://www.foody.vn/ho-chi-minh/quan-lim-pho-bun-dau-mam-tom,no data,no data,no data,no data,no data,no data,no data
Phở Nguyễn - Quốc Lộ 50,2.6,"17/24 Quốc Lộ 50,Huyện Bình Chánh,TP. HCM",1,https://www.foody.vn/ho-chi-minh/pho-nguyen-quoc-lo-50,"Ăn ở đây 2 lần. Cảm nhận như sau:
+ Quán sạch sẽ, ok về không gian.
+ Món:
- Bánh phở hơi ít, cảm tưởng như dc 1 nhúm phở để vừa lòng bàn tay. Tô phở nhìn thấy toàn nước.
- Nước phở mặn như nước muối ( mình ăn cực kì mặn vẫn thấy mặn còn các bạn có khẩu vị vừa miệng hoặc ăn nhạt thì không biết có nuốt nổi tô phở không)
- Thịt thì mình để ý là không dc thái ra từng miếng mà toàn là thịt vụn thôi.
- Gân thì có lần thứ 2 mình ăn ( sau lần này  thì nghỉ luôn ) trong miếng gân có màu xanh ??? ( chắc cũng để tủ đông cả vài tháng :)) )
- Gà: hỏi nhân viên thì bảo là gà ta nhưng thịt bở vô cùng. Nhìn mấy tấm lót cac-tông mình mới biết lấy gà đông lạnh từ trung quốc. Mà hang trung quốc thì ôi thôi. Tới miệng mình ăn có khi con gà đó cả năm trời rồi.
- Nạm: OK
- Gầu : rất ít. Đi ăn 2 lần đều hỏi nhưng vẫn bảo là hết. Không biết quán có bán Gầu không nữa :3
- Bò viên: mình ăn cảm giác như chả bò ( chắc hàng the nhiều quá nên nó dai :)) )
- Trà đá: đặc biệt là cái này. Mình kêu ly trà đá uống ai ngờ trà thiu. Hỏi Nv thì bảo là mùi trà nó thế. Mình xin đổi lại ly trà nóng cho thêm đá thì nv vô cùng khó chịu ( bố mày bỏ tiền ra ăn chứ không phải bỏ tiền mua thái độ của mày nhé)
- Lần 2 không kêu trà đá nữa kêu chai sting, nv mang ra chai samurai :)). Mình nhìn hạn sử dụng thì ôi dm còn khoảng 2 tuần nữa thì hết hạn ( bỏ uống luôn đéo phải nghĩ)
- Tolet : bẩn vãi @@, mình đi tolet vô tình đi ngang qua chỗ để nguyên liệu thấy có mấy cái bao toàn chữ Trung Quốc??. Lần thứ 2 mình ăn, nv vừa hốt rác xong chưa rửa tay vào bốc hành bỏ vào chén trứng rồi bưng ra cho khách (không phải mình). ôi dm từ nay bố nghỉ luôn cái quán này.",5.0,3.0,3.0,1.0,1.0,32.000đ - 45.000đ
Phở Gia Truyền Hà Nội - Trần Văn Giàu,_._,"1A50/1 Trần Văn Giàu, Ấp 1, Xã Phạm Văn Hai,Huyện Bình Chánh,TP. HCM",0,https://www.foody.vn/ho-chi-minh/pho-gia-truyen-ha-noi-tran-van-giau,no data,no data,no data,no data,no data,no data,no data
Gà Ta Khuê Thủy,_._,"C6A/19 Võ Văn Vân, Ấp 4, Xã Vĩnh Lộc B,Huyện Bình Chánh,TP. HCM",0,https://www.foody.vn/ho-chi-minh/ga-ta-khue-thuy,no data,no data,no data,no data,no data,no data,no data
Quán Mười Công - Cháo & Gỏi Vịt,_._,"126 Đường Số 7, Xã Bình Hưng,Huyện Bình Chánh,TP. HCM",0,https://www.foody.vn/ho-chi-minh/quan-muoi-cong-chao-goi-vit,no data,no data,no data,no data,no data,no data,no data
Quán Mười Công - Cháo & Gỏi Vịt,_._,"126 Đường Số 7, Xã Bình Hưng,Huyện Bình Chánh,TP. HCM",0,https://www.foody.vn/ho-chi-minh/quan-muoi-cong-chao-goi-vit,no data,no data,no data,no data,no data,no data,no data
Quán Mười Công - Cháo & Gỏi Vịt,_._,"126 Đường Số 7, Xã Bình Hưng,Huyện Bình Chánh,TP. HCM",0,https://www.foody.vn/ho-chi-minh/quan-muoi-cong-chao-goi-vit,no data,no data,no data,no data,no data,no data,no data
Quán Mười Công - Cháo & Gỏi Vịt,_._,"126 Đường Số 7, Xã Bình Hưng,Huyện Bình Chánh,TP. HCM",0,https://www.foody.vn/ho-chi-minh/quan-muoi-cong-chao-goi-vit,no data,no data,no data,no data,no data,no data,no data
Quán Mười Công - Cháo & Gỏi Vịt,_._,"126 Đường Số 7, Xã Bình Hưng,Huyện Bình Chánh,TP. HCM",0,https://www.foody.vn/ho-chi-minh/quan-muoi-cong-chao-goi-vit,no data,no data,no data,no data,no data,no data,no data
"Quán Ăn 24h - Bún Chả, Bún Bò & Giải Khát",_._,"79 Đường Số 8,Huyện Bình Chánh,TP. HCM",0,https://www.foody.vn/ho-chi-minh/quan-an-24h-bun-cha-bun-bo-giai-khat,no data,no data,no data,no data,no data,no data,no data
